选择性地表达事实往往比欺骗更可怕 如何快速消灭世界的森林？,1

两面针它敢吗?,1

自家爸爸两面针怎么敢啊[doge],1

那可是金主[doge],1

离婚那期的疑似恶意剪辑，不仅给中国司法贴了一个很大的标签，还把矛头引向原UP主。2，3，地图出错与五秒或者0.5秒没有关系，问题是专门错在台湾和藏南这一类争议地区就很奇怪了。4，夹带私货，暗地里鼓吹盐的私营化，以及都在说的中国人吃肉与巴西与零的关系。5，被人指出问题以后不正面回答，而是权力删评控评，顺便拉黑。以上核心问题，一条回应都没有，如何让人信服呢？————————第二次被删除————————第三次被删除，你删一次我更新一次，看你能删多少次？————第四次删除，真的棒呢。,1

标题不同，还有地图问题，这个up经过自己考证，有实锤，BV1pZ4y1j7Vd,1

二和三的确不是真的，那其他三条呢？你要不要替回形针解释一下？,1

我是回形针的老观众了。这个视频是和我老婆一起看的，我老婆看完说你们的解释很有道理，可我很失望！看了视频的前三分钟，我大概就能想到后面的戏码了，还是老套路“用很多正确的观点，掩盖一错误的观点”。巴西视频里最大的错误是立意上的，既然雨林的消失与肉蛋奶消费相关，为什么你们会忽视欧美这个消费群体，只盯着我们中国？不敢给出正面回应，很难不让人相信你们是主观故意的。如果不是故意的，对于这样一个专业团体能忽视这样一个事实，只能说你们的脑子里已经有了某种“思想钢印”。人生第一次被删评论，纪念下[喜极而泣],1

勋章好评，有回形针一贯作风,1

所以取消关注回形针,1

我留着他，看他黄！,1

别人问你屁股坐哪了，你说自己做视频很辛苦？,1

经典答非所问，关键还有很多人买账，就离谱,1

我看都被控评了 弹幕也是,1

我都这么努力了，你为什么不夸我还要踩我[doge],1

没别的想说的，控评倒是一把好手，有些评论我看着看着就没了，那可不是胡乱喷人的评论，是就事论事的，怎么，这些话就戳到痛处了？态度都没有摆端正，你的工作辛苦我知道、你的科普很厉害我知道、但是这些都不是你立场问题的借口。[吃瓜],1

哈哈哈哈哈刚刚一个评论还在呢点了赞正要回复就没了,1

昨天我还看了几千赞的评论呢，有理有据，没有骂人，理性思考。。结果今天就没有了。。。[嫌弃],1

他怕的就是独立思考，用精美的炮弹袭击我们思想尚不成熟的年轻人，一旦有思考，就会明白，两面针就是敌人的糖衣宣传。师爷：恶心，真TM恶心,1

一个团队二十多个人不知疲倦地查阅文献、请教专家、核对事实、搭建模型，然后一点人工降雨的优点都没发现[哦呼]太牛了吧,1

预设好了立场，做啥都会有内味儿[笑],0

[OK][OK]太经典了。  我都不知道怎么反驳。回形针太可恶了，我词穷不知道怎么骂他。,1

也造成了观众对巴西雨林的“误解”，但你们不能因为这件事忽视我们两年多的努力[热词系列_爱了爱了],1

言出必行，凌晨5点还在删评论，挺敬业的，为up主点赞！[点赞][点赞][点赞],1

可能人家白天呢[doge],1



知乎有人说等热度过去，回形针就更，[doge][OK],1

上一次动态说了停更一月，今天正好是最后一天，要是这个月不更不就是鸽了准备糊穿地心了[疑惑],1

一个月前说了停更一个月，并非不回应或者等热度过去,1

就是等热度过去[呲牙]人家停更了一个月零7天[大笑][大笑],1

视频我看完了，避重就轻，之前其他观众质疑的地方都没有去解释，而是说你们工作多么多么辛苦，你们团队做视频能不能别老是各种内涵暗示，或者把两个关系不太大的事务刻意联系在一起，再去引导观众得出错误的结论？食用盐，人工降雨，离婚，监狱等。总是把各种东西向上层去引导，让观众认为是垄断，是面子，是漏洞不完善，是压迫等。这些东西有很多人感觉的到，你觉得呢？,1

顾左右而言他。他16分钟的视频，没有半句“对不起”。粉丝说回形针有诚意，可我并没有看到,1

雨林那期:因为巴西生产大豆——中国养猪喂猪所以进口大豆——巴西为了赚钱所以卖大豆——大豆需要耕地——砍雨林烧雨林是为了制造耕地——中国生产猪肉所以导致雨林毁坏。这种错误逻辑你看他这个视频里面有解释清楚嘛？但巴西的大豆是种在巴西高原的耕地而不是雨林里的，他们就刻意挑选这种东西然后去强硬联系起来得出这种错误结论。结果你去查发现各个环节确实都有还都是对的，然后就相信这种逻辑了？视频都在看，到底怎么样去看看联系就能发现问题。这视频一直在讲自己做视频多么不容易，却不再讲自己怎么样在这种逻辑方面上去误导观众。,1

他说做视频幸苦，幸苦还不是为了挣钱，谁挣钱不幸苦一样,1

我还以为我取关了，谢谢提醒,1

别啊，多翻翻，还可以顺手拉黑一些5级水军号,1

就在刚刚我名单满了，开会员会不会多几个名单？[呲牙],1

这是在提醒你回来点个举报再走,1

宁把加油站搬过来了？,1

看见你这评论把我笑死了[笑哭],1

这条评论好骚啊，为啥没上热评[打call],1

弹幕一堆加油就离谱,1

我也感觉好恐怖，一列一列的加油加油...这也太整齐了吧，原谅我多疑，但我是准备取关回形针了，不强求别人，至少我自己感觉很不舒服，这次的污点，很难再让我将回形针放在合理的位置上看待了，只能说，太别扭了。索性取关了[无语],1

b站的热评机制，导致最先评论的有很大机会占到热评，让我不得不怀疑有控评的可能,1

九万播放5000个弹幕，都是说加油弹幕转化率高达5%我不是傻子,1

而且从头刷到尾哦，这才是最违法逻辑的。开头或者结尾刷我还信，但中间那么多时间一直有就不正常了,1

自信点，回形针请水军花了多少钱,1

而且这还是一个16分钟的长视频,1

恕我直言这支视频中9分31秒的世界地图上，中国的藏南地区依然是错版显示，本来就因为栽在这个坑上出的错，却又一次使用了错版地图，那么在视频后面大书特书的地图审阅流程不是笑话吗？我不是因为这0.5秒的错误而抬杠，而是作为一个一直以来的回形针粉丝哀其不幸怒其不争的无奈。,1




希望回形针做一期视频针对 “香港 台湾 新疆问题” 并且同时投放到b站与YouTube,1


不用做别的，科普一下美国人均牛肉消费量和二氧化碳排放的放到油管就挺好[妙啊][妙啊],1

经典答非所问，踩美军认证,1

妈呀，发布视频前，全是上香，完结撒花，现在全是加油[哦呼][哦呼]，诶，[热词系列_你细品],1

上香的弹幕都被删了呀,1

其实不用解释太多，做一期科普“台湾为什么是中国的”可抵千言万语！！,1

你这不是逼他死吗[doge],1

所以您能不能解释一下中国人吃肉导致亚马逊雨林减少这个结论是怎么不小心粗心推导出来的？？？我不关心你们是否在素材上因为所谓的粗心出了问题，我就想知道得出中国人不配吃肉这个结论是怎么通过所谓粗心的方法得出来的？？,1

贵号如果不能把这个问题解释清楚了恐怕很难服众,1



你们说这不是道歉视频，后面他在疯狂说自己不可避免的出错并致歉你们说这是道歉视频，抱歉我没看出来有多少歉意通篇都是在陈述自己的不易以及难度，只在最后提及了“我们不是故意为之”并简简单单表了态请问，你们想干嘛,1

傲慢的知识分子是不可能道歉的,1

他可不是知识分子，他科普的东西全都是粗制滥造的，没有点现实内容，都在利用玛丽苏那一套渲染情绪,1

这个态度让我不能接受,1

给我整笑了，建议做一期互联网为什么没有记忆,1

其实不用解释太多，做一期科普“台湾为什么是中国的”可抵千言万语！！,1

外网 互联网为啥没有记忆国内 中国人为啥没有记忆[呲牙],1

我打开这视频一看，这视频没有摆正态度，歪歪斜斜每一页都写着“我很幸苦，我犯错理应被原谅。”这几个字。我横竖睡不着觉，仔细看了半夜，才从弹幕中看出字来，整个视频都飘着两个字:“加油”!,1

网民的记忆只有七秒[doge],1

是啊，前几天那个性侵的案子，不还是被罗志祥的事情顶了吗？,1

对呀，我还以为所有人都失忆了呢，鲍律师那个人渣事件的报道全都凉了。,1

害，网民哪里来的记忆[doge],1

"不客气的讲，这期视频从科普角度上来说是很失败的。特别集中于伽罗瓦域的科普上。基本上就是搭配动效的照本宣科。理解伽罗瓦域最简单而且十分生动的例子就是时钟，这么直白的概念不知道为什么要讲得那么复杂。举个例子。假设现在23时，加两个小时候边1点，可缩减为规则23+2=1其他规则以此类推，乘除法洋洋洒洒一大堆其实本质就是进制问题。典型的科普应该是先介绍10进制的情况再进行推广。8进制的模式纯粹是为了适应计算机系统，那个乘法表更是不明所以。

以前回形针也有类似问题，一个问题讲得很高端，动效很出彩，但实际上观众不能理解。",0

时钟的例子确实很棒，谢谢你的建议。,0

是的，对于抽代来说本质的是好理解的，比如这次没有讲清楚为什么加法减法是异或，乘法是模二乘法再除以一个固定值。另外使用时钟的例子是不恰当的，因为伽罗瓦域不是循环群，在Z/24Z中不是每一个元素都可以定义乘法逆元的。如果这部分科普的难度过于大（我也有过这样的情况，做presentation的时候需要介绍双曲几何，但是就是介绍它的本质就需要花费一半的用时，无奈只能放弃了pre），那么就建议不要揭露太多的中间性的内容。这样说我想是比较好理解的：对于域来讲，需要满足加法和乘法的交换律，结合律，以及乘法分配律，还需要每一个元素有另一个元素相乘为1。这样严格的条件只有少数的元素数量和少数的运算规则可以满足，对于2^3个元素，这就是唯一满足的运算规则（贴出表达式）。,0

这年代能看到这样的优质评论实属罕见，点个赞。评论区除了站队就是撕逼。,0

@回形针PaperClip 我的上个评论中有不妥之处，在此补充，希望各位理智评论，我的帽子可能盖的有点大，先为语言道歉，同时补充几点。1.回形针这种针对技术工程方面的科普国内是比较少见的。按妈咪说，3b1b，numberpile这种比较注重数理知识频道去要求可能有失偏颇。因为很多工程技术领域可能真的就是只要实现方式，其他的不是本学科要求。其次回形针也有不少优秀的科普。我说的主要集中于跟数学有关的几期，回形针更多聚焦于“实现”而非“思路”。2.其次，我本身学历水平也不高，也并非数学专业，对于回复中指出问题都虚心接受，各位可以到评论中寻找大佬们跟精准的表述和诠释。3.顺便推荐几个我比较喜欢的科普，除了上面提到的3个，还有Mark Rober PBS Space和真理元素，b站有就有不少翻译。PBS Space更偏向物理。国内科普上跟国外还是有差距，希望各位对回形针和科普作者。多点包容，少点偏见。,0

谢谢了，本期视频中我们其实有试图展示 R-S 码的核心思想，比如开始「减法」是为了描述纠错码和固定值的意义。但 R-S 码证明过程实在有点长，所以需要在思路和证明链条之间平衡，最后看起来还是不够直观。你的建议很有帮助，希望未来我们也能多交流，为观众提供更优质的内容。,0

这是好事。学者的世界里面没有撕逼。只有不断地博弈,0

能在视频播出后的十几个小时，用新发表的评论且被赞上前三的评论我只在NBAruhua事件里出了期撕门票视频的up主那看到。当时好几个NBA粉买几千赞骂那个up做作不是好东西，后来还真爆料出是渣男，互联网太神奇了。当然我没别的意思。[公主连结_厉害了],0

关于RS码的纠错部分，还有一个Hamming Distance和MDS的概念需要补充，不然没法解释为什么最多只能纠错两位。我硕士论文时Network Coding in Distributed Storage System 最基础部门就是RS码的纠错，但是这一期确实有点跳,0

这应该才是热评,0

是的，谢谢补充。我们也试图在讲的更清楚和视频时长之间权衡。如果观众朋友们感觉有点跟不上，可以暂停下来想想。,0

这个确实，我们导师讲清楚至少四节课，可以理解,0

《装作无事的样子就能无事》,1

[哈欠]他们这种人啊，感觉越来越多了，可能是中国生活越来越好了吧，以后可能并不会有国家这种东西存在吧。,1

这个公关能力太强了，一篇似是而非的解释加一波水军足以忽悠很多路人，深的西方媒体真传,1

和营销号手段更相似，真就高级营销号呗,1

他们进化了，而我们还在原地踏步,1

发生了啥啊，肉蛋奶和巴西森林有啥关系[疑惑],1

天哪，刚刚早餐吃了肉蛋奶[大哭][大哭],1

带恶人，建议枪毙，@平安巴西,1

你可真是人类的大罪人什么 我也吃了？那没事了[doge],1

罪大恶极，建议枪毙[doge],1

下期把米国的几个州p掉发外网我就原谅你[吃瓜],1

人家联邦制，跟我们不一样，特朗普都支持各州独立[妙啊],1

那建议把美国p回十三州[doge],1

B站真的……这都能洗白的吗。。,1

以前别人说B站的精日精美歪屁股多，我还不太确信，现在看看评论区，我信了[吃瓜],1

这些评论下面那些洗回形针的，简直是，什么“出生在中国就要爱中国？”“有家才有国，国家在我心里没那么重要”.....这些人对于反爱国还理直气壮，这TM什么妖魔鬼怪，B站平时没见过恨国党，在这个视频下面全见完了,1

感觉b站在一步一步沦为微博,0

知识没有国别，但请诸位记住。人，是有国别的。我看见一条评论说，别被屁股的正确影响知识，我也想说，把自己的心肺掏出来，淘洗淘洗干净把，做人咱不能没良心阿。我有时是真的觉得很寒心，国家，国家，有国才有家。,1

他控评力度变大了,1

热评删了好几个，不愧是双面针,1

我在前两个视频的评论反正是都没了，不知道这条能活到啥时候,1

我今晚没吃肉蛋奶，巴西雨林保住了，兄弟萌我做的对吗？高赞热评真是健忘噢，犯这种错误的人能让他继续恰钱？,1

针针最厉害了，你们看不到他们有多努力吗？回形针加油[爱心]（5毛一条，超过10000条年底结50%，超过20000条结100%）,1



中国网民记忆真的可以。那没事了。,1

中国网民的记忆只有七天。√,1

跟风瞎黑的技术确实可以。非常合理。嗯。[热词系列_你细品],1

BV1LE411F7DU 第3分钟，肉蛋奶。,1

这就洗白了？重生了？[蛆音娘_吃瓜群众]害,1

其实我不知道为啥还有二百来万关注...,1

你底下回孝子好多啊,1

辛苦了，对线十几条回复，被举报了3条，其他都石沉了还被围攻。搞得我以为两面针真的反转了，真的这么多人洗白他们。看来……水军控评力度加大了[doge][呆],1

《关于网民的记忆只有七天》,1

"NBA呢,,,,,",0

跪族蓝孩没有膝盖骨。。。,1

亚马逊雨林什么时候消失啊[傲娇][鸡腿],1

只要能买1张赎罪券，咬咬牙就能买上30张，为了保护巴西雨林不被砍伐！号召所有针针的粉丝有力出力[打call]不买的话针针一天只吃得起两顿饭了~,1

咬咬牙300张，只买一张不如黑粉[doge][doge],1

尼玛满弹幕欢迎回归就离谱,1

花老多钱请的了,1

弹幕都是花钱刷的机器人，水军这种东西其实也不太贵,1

反正已经微博化，无所谓了,0

监控摄像头，人工降雨，发电和食盐的视频还在，有兴趣可以去看看，婚姻法的视频没了，大概是罗翔老师来b站了，怂了。科普就科普，老掺杂私货确实恶心。,1

抱歉，我今天又吃肉蛋奶了，我谴责我自己！！！我对环境造成了太大的伤害[大哭],1

问一下吴松磊wwf的赎罪券在哪里卖？,1

没事的！只要你买了西方人的赎罪劵，钱币落在箱子里叮当一响，灵魂就上了天堂！[doge],1

现在大豆标准用的就是美帝的pefc标准，真要说赎罪券早就买了不知道多少年了。,1

《都道歉了你还要怎样》,1

《关于我巴不得他死你为什么不了解这件事到底哪里搞错了什么》,1

《要恰钱了管他怎么样》,1

删了好多评论啊,1

这就洗白了？b站网友的记忆也只有7s？不会吧？还保护？保护谁呢？[热词系列_爱了爱了][2233娘_疑问][2233娘_疑问],1

保护他们都老板呗，烂钱也是钱啊[微笑],1

我倒希望他们都是水军。[捂脸]我真的不敢相信有这么多对原则性问题视而不见的网友[小A和小B_吃瓜][小A和小B_吃瓜],1

连7秒都没有好吗？哈哈 尤其B站这些网友，简直就是墙头草,1




脚臭：脚臭是由于脚心汗腺多，容易出汗，汗液里除含水分、盐分外，还含有乳酸及尿素。在多汗条件下，脚上的细菌大量繁殖并分解角质蛋白，再加上汗液中的尿素、乳酸，这样就会发出一种臭味。若鞋子不透气，空气不流通，臭味就会越积越浓，臭气异常强烈。,0

简介：通常人们把脚气和脚臭混为一谈，其实他们是有区别的。脚气的人一般都会有出汗，脚臭，脚痒等症状，严重的患者趾缝间会出现掉皮、红肿、水泡、裂口、溃烂等症状。脚臭的根源而是脚部皮肤排汗较多，有臭气，长期下去会发展成严重的脚气。,0

类型：生理性脚臭由于肥胖或运动多，造成足部出汗过多，再加上常穿一些像胶鞋、尼龙袜等透气性差的鞋、袜，如果再不经常洗脚就容易引起生理性脚臭。平常只要是经常洗脚，特别是运动过后洗脚，勤换鞋、袜，穿一些透气性好的鞋、袜等就可以避免生理性脚臭；病理性脚臭如果长时间的，足部多汗、潮湿或鞋、袜不通气等，可诱发病理性脚臭；或通过污染的澡堂、游泳池边的地板、浴巾、公用拖鞋、洗脚盆等也能传染病理性脚臭。平常除了要经常洗脚，勤换鞋、袜外，还要积极配合治疗，把病因去除后，就会减轻或消除脚臭。————百度百科,0

我的脚掉皮起水泡，但是不痒，我洗的也勤，凑近了仔细闻才会觉得有点臭,0

正所谓公知就是中国的良心，回形针的良心简直就是b站的良心[支持][支持][支持],1

@肉蛋奶PaperClip 咱睿总关注的人，能倒吗？[吃瓜],1

唉～所以是没有良心吗？太妙，太深奥,1

那我脚臭会不会影响巴西雨林[呲牙][呲牙][呲牙],1


蝴蝶扇动一下翅膀不会引起森林灭绝，但你扇了一下你的臭脚可能真的影响了巴西森林的灭绝[doge][doge][doge],1

因为洗脚水留到海里，蒸发，降雨导致森林树木枯死，导致森林灭绝[热词系列_妙啊][热词系列_你细品][doge][doge][doge],1


请出一期“为什么台湾是中国不可分割的一部分”[呲牙]不然你就是戏耍网友们的七天记忆[微笑],1

中国人专供环保生活方式倡导者，地图出口产业链领头羊，视频监控与人权研究专家，中外人工降雨差异化人才，盐业命脉资本自由化领军人物，b站黑名单人数天花板，评论区舆论管制精英及粉丝优越感注射器——回·你们骂我屁股歪·型·我说自己肩膀酸·针PaperClip 的视频我是期期都看！[热词系列_妙啊],1

网友哪有记忆[微笑],1

两面针会选择装死[OK]。雨林那期被锤了，人工降雨那期被专业人士锤了，媒体人不懂专业知识，瞎几把科普，我到底想看看这傻缺节目还会闹多少笑话。,1

臭脚才能踢好球[蛆音娘_滑稽],0

国足：？？？,0

真就啥都能扯到国足呗[吃瓜],0

我添了一下自己的jio，没啥味呀，就是感觉有点像猪蹄的味道～～[蛆音娘_滑稽][蛆音娘_滑稽],0

肺部真菌感染警告[doge],0

一个b。。。。。站用户舔了一下自己的脚，这是他的肺发生的变化[吃瓜],0

？你怎么还在,1

因为吃了🥩🥚🥛,1

一时间没想到哦哦哦哦哦哦哦哦哦哦,1

我还以为这是很出名呢，没想到都被压过去了,1

敢做不敢当？就这还一帮脑残粉搁着承认错误了，连个评论都不敢放着？,1

发生了啥，能私聊嘛[微笑][哦呼]。好久没打开b站。一上来就吃瓜,1

看你的评论我心想，好歹这一楼屁股都挺正，直到我看到了楼上，看回形针还真就是为了喷它和点个踩。,1

热评都是些什么啊？真就互联网没有记忆？,1

热评都被删完啦，老铁,1

我发现针针不仅会删评，还会删赞[捂脸],1

控评大师[拥抱],1

居然还有人看？,1

进来点踩[微笑],1

发生什么了,1

一个科普类up，怎么这么喜欢控评删评呢？难道有人留言质疑你们视频内容就删吗？您能保证您的视频内容都是真理吗？我相信谁都做不到吧，既然这样建议up主自信点，大家留言质疑的不对的您费心多解释下，毕竟您们标榜自己是科普节目，为大家介绍更多科学知识是你们一直标榜的目标；如果大家质疑的是对的，你就正面道个歉，下次注意，更加严谨点，相信大家也都能理解，粗暴删留言就好比一个暴躁老师，在课堂上不许学生提问，只要求学生无脑接受教授内容一样。唉，说这么多只希望节目越做越好！,1

一路看下来发现很多评论都被删了，点赞提示评论不存在,1

我发现针针不仅会删评，还会删赞[捂脸],1


有哪个男孩不想要臭脚····我不要！！！,0

我是男的，我不想要[微笑],0

嗯。夏天没蚊子。我亲眼看到蚊子直接掉下来。,0

蚊子有肺吗，希望蚊子没事[保佑],0

还在发视频呢[呲牙],1

还想着删评，恰烂钱呢。,1


不仅没凉，反而还上了热门，就离谱[呲牙],1


我最近脚臭到睡觉都要给脚单独盖条被子[囧]要不然整条都臭了[囧]这么晚了不会被人看到吧[抠鼻],0

把被子踢走，把脚露出来，让气味和汗液散发出去，这样你的肺部就会被真菌感染了（不是）[doge],0

好家伙，天灵盖都给👴冲飞了[笑哭],0

好家伙，直冲👴天灵盖,0

专门点进来踩一下，精神外国up,1


建议开流量踩，不用加播放量,1

你的小jio，我的小jio，大家都一样。[抠鼻]1. 00:17-01:42 有哪些产生臭味的物质，产生臭味的来源是细菌2. 01:43-03:24 所有人脚上都有细菌，为什么有些人的脚臭？3. 03:25-05:50 得了脚气为什么脚会臭呢？脚气应该如何治疗？4. 05:50-06:03 脚臭大赛,0

我是小jio 你是大jio你是臭jio 我是香jio,0

课代表给我上去[doge],0

正经课代表suki,0

折叠显示器真的需要解决一下表面的抗划伤问题，看了几个我粉丝的三星的fold，屏幕基本没有完好的,0

几十年前的折叠手机进化成了现在的折叠屏～[doge][爱心],0

翻盖手机[doge],0

这个液晶的建模好像果冻啊，饿了[doge],0

吃货 [吃瓜],0

老吃货了。[妙啊],0

这果冻肯定扎嘴,0

整天盯着屏幕看眼都要瞎了 （集合）,0

已经瞎了，去哪里[doge],0

眼睛表示还能再战一战[doge][爱心],0

你需要马斯克的脑机接口[doge],0

柔宇这次请对人了,0

柔宇之前的宣发一直做的不好,0

hhh成天整点PPT产品，还说宣发?,0

然后回形针接错活了,1

所以更好奇这种新型材料是什么了,0

借个楼，LTPS适用于小尺寸OLED的TFT，因为电子迁移率(mobility)更高，但是不适合做大尺寸，目前三星地表最强，而柔宇用的是IGZO（铟镓硒氧化物，好像是这么叫），迁移率差点，但是可以做成大尺寸的，目前牛逼的是LG（超大寸OLED电视LG一直都是领先的），柔性屏目前还是太超前了，成本和收益不对等，不过还是看好国内的其他大厂的发展比如BOE，华星，创维等等,0

 ,0

想法不错，屏幕穿在身上，背在包上，很赛博朋克。不过，等等电池吧，未来衣服一天一充电……更赛博朋克,0

赛博朋克可不是什么好玩意儿……那可是标准的反乌托邦设想之一，科技极端发达，社会文明水平却极端低下，是能让大多数人活在绝望中的世界观,0

他的意思应该是视觉语言上赛博朋克，不一定代表社会也赛博朋克~,0

从来没想到一块屏幕能反复弯折成千上万次，柔宇做到了，还挺神奇的,0

世界上的第一块屏幕貌似不是平的吧？半个世纪用的屏幕都不是一个平面[OK],0

液晶之前有过背投电视，但是很快就没落了,0

全面时候追求平面，平面时候追求曲面[偷笑],0

那是因为当时还是用的CRT显示器 原理大致是阴极射线管里的电子枪发射出的高速电子经过偏转打在荧光粉层上 因为是一个发射孔隔行扫描 不能实现平面显示 后来市面上也出现了所谓平面crt显示器 但多少也有弧度 跟现在电路控制每个像素点的屏幕不是同一类型,0

柔宇牛逼吹得外行看起来一愣一愣的，PPT做的好，真量产呢？以前炒像素密度，现在反正柔性卖点，但为什么不量产呢？嗯，色深，OLED寿命，刷新率，色准，都不谈，我们来谈优势，我耐磨哦，我基板寿命长哟。哦对，要投资，大投资才能量产嘛，至于谁投资  ：）,0

我也不理解一个上游供应厂商打这种广告有什么用，在消费者群体再知名，下游手机厂商不买账有什么用。,0

增加曝光吧，比较要点知名度好融资，有钱才好做东西，别太拉垮就行[喜极而泣],0

不曝光怎么让消费者接受？你说你卖的手机屏幕不是三星是这个，当你不知道的时候你买吗？,0

柔宇给我的第一影响就是怼手机厂商。在我的印象中，柔宇这种应该是上游供应链厂商，不应该涉及下游的竞争。但是柔宇上来就这样做了。我不认为柔宇能做好手机，在别的产品形式用柔性屏幕还很远，现在最激进的手机行业都不用你的，别的产业更加遥不可及。我不知道这加企业是怎么想的，就感觉很迷。,0

我觉得不是说非要和下游竞争，而更像微软当初做surface那样是为了告诉业界怎么用win8/win10做二合一笔记本。柔宇试水下游最终目的还是用来推广他的屏幕，同时自己也可以去挖掘应用需求和不足,0

他上来就怼了手机厂商。即使别人用的不是他的产品，也不应该个手机厂商交恶。还有就是你说微软教别人怎么用二合一笔记本，在我看来不是他教别人怎么用。而是他自己想推，但是传统笔记本厂商太保守了，所以他自己用最激进的方式做一个产品看看市场反应。还有就是柔宇只是个成立了六七年的公司，不管在屏幕还是哪方面他都不算是大佬级别的。说的不客气一点，他给别人示范还不怎么配。,0

感觉就是拿补贴的，现在柔性屏产品也不少，他倒是拿出来大批量卖啊，狗东评价才1000多，好意思吹吗？,0

视频的错误：4:19 的聚酰亚胺物料中的第三个特征“加工型强”中的“型”字疑似错误。若错误则应为“加工性强”,0

经核实，04:19处确实应该是「加工性强」，感谢您的指正。,0

读音也有错，“聚酰亚胺”的“酰”读作 xiān，不是 xiǎn,0

我觉得柔宇应该把自己定位在柔性屏供应商上，而不是同时分心研发制作消费者产品特别是手机,0

一来给自己增加竞争对手，二来研发投入分散难以保持技术优势,0

就是技术展示，没指望拿来卖,0

不是，做手机的成本多高啊，怎么可能就为了展示。你去看他们官网，还是现货不是预定。9988一部，囤个100部都不是小数目了,0

技术就是资本，柔宇具备这样的优势,0

你的下一个屏幕何必是屏幕[doge],0

全息显示?[doge],0

出AR投影就真的神了。,0

每个中国人都应该大口吃肉，每天肉蛋奶不要停，只要巴西雨林还剩一棵草，无论有多少回形针这样的恶毒媒体，咱们都不会停下追求美好生活的步伐,1


我点击这个视频就是为了来找你这样的评论[滑稽],1


柔宇开创的ULT-NSSP较三星的LTPS是有技术优势的，柔宇一开始敢走这条路也是很有勇气,0

小白不太明白柔宇技术优势是什么   能详细讲一下吗,0

LTPS（低温多晶硅）技术，还是存在很多短板的，而柔宇主导的ULT-NSSP（超低温非硅制程集成技术）恰恰弥补了这些短板，开创了全新演进路线，这就是突破，也是未来发展的资本啊,0

你这个评论不对劲，像是厂家发的[抠鼻],1

请把像去掉，点进账号看一下，标准水军号,1

为了世界更美好，我已经不吃肉了，兄弟萌我做得对吗？[OK],1

巴西雨林感谢你[笑哭],1

[滑稽]不对啊，你应该不吃猪肉，吃美国牛肉，这样才能得到回形针的认同[doge],1

我们要用能吃肉的屏幕呢[思考],1

哈哈哈哈哈，绝了，和我想的一样,0

跨学科领域肉蛋奶生产技术,1

台湾永远是我国不可分割的一部分,1

我就是试试还控评不[OK],1


选几个靶子打有什么意思 b站就有一大啪啦揭露视频 你看它敢不敢点评点击最多的几个[妙啊],1

我还能看到你，其他那么多点赞不上去就离谱。,1

你家的油烟机才难用[嫌弃],0

啊哈哈哈哈哈哈哈哈哈哈哈哈哈哈哈哈哈哈哈[喜极而泣],0

谁不想白嫖一台好用的呢[doge],0

[热词系列_妙啊],0

课代表来了:淘宝仅售19999[歪嘴],0

我的天啊，太便宜了吧，在我八线小县城也就十分之一套房的钱,0

我特意查了下，这玩意0.4341平卖19999，1平折合4万6，抵得过深圳某些片区房价了。,0

买得起这个抽油烟机的都请保姆了！,0

有个建议：直观的参数并不能带来直观的体验，一些参数可能看起来很厉害实际上并不会对实际情况造成很大的帮助。这个时候应该举例某个参数需要达到多少才能真正改善使用体验。比如（只举一例），在1：50秒强调“静压值”决定向外排烟效率，但是此处只是说明静压值超过400Pa就宣称强力，并没有说在几层楼的时候大概需要多少静压值才能保证即使所有用户一起做饭也能十分顺利排出油烟。因此，比较恰当的做法是：通过统计市场上大部分居民会购买的油烟机，收集参数，计算出平均数与众数（普遍值），进而计算出在25层楼的前提下（一栋公寓一般是18~32层），在一层（一层排烟要求最高）所需要的静压值，进而说明“西门子”油烟机完全符合这个要求，完全能够保证绝大部分的用户不用担心“倒灌”问题。,0

春秋笔法是营销的一个技巧,1

你用了高静压值，你就能把烟吹到别人家去，每家每户都用高静压值的时候，和所有人都不用一样了，内卷就形成了[热词系列_知识增加],0

烟道有出口的啊亲[妙啊],0

讲道理，作为一名ee，看完后表示，就这？[tv_冷漠]1800转的bldc和一个环境传感器也能吹？,0

我家要换油烟机了，大神您有推荐吗？谢谢,0

油烟机这种东西，国产有些牌子真的强[doge]不过恰饭视频也无所谓啦，比较不说很多人也不知道现在的油烟机有这种技术[滑稽],0

因为他们给的实在是太多了.jpg,0

大家好我是张甲木大家好我是张乙水大家好我是张丙火大家好我是张丁土大家好我是张戊金,0

甲木、乙木、丙火、丁火、戊土、己土、庚金、辛金、壬水、癸水。天干的五行都是固定的，不能随便写哦~[OK],0

好的，阴阳冕。,0

不会吧不会吧，排烟也要内卷,0

整个广告花了大篇幅在暗示一件事，你家的老抽油烟机设备功率是不够的，别人家的烟可以冲到你家去，他的“智能”特别贴心的帮你处理了这个问题。为了自己的利益不考虑他人的利益，完全符合的内卷定义。整个广告不吹自己多干净多好，反而在这制造一种你不买我的你就得闻邻居家油烟味的焦虑。属实佩服,0

西门子油烟机已下单，孩子说很好吃，下次还来[doge],0

敏感肌没说，扣钱[OK],0

别用西门子，别谈什么德国精准，这东西功率比不上国产的，售后也不好。如何你斥资做西餐还行，如果是炒中餐的话就洗洗睡吧，这东西只适合抽西餐的,0

啊。。。这我家好多东西都是西门子的。。。家里插座都是。。。,0

[拥抱] 虽然十几年前的日本家用电器好用，但是现在电器拉不开多大的差距了，国产的电器售后才是更好，我觉得西门子售后真的辣鸡。。。我宁愿选择国产大牌，售后维护才是关键。,0

现在的油烟机是国产的更好，尤其大牌子售后更是没的说,0

就是，国内煎炒烹炸，他外国品牌比国产品牌更明白中国市场？我也相信国内品牌,0

德国西门子，不是日本的,0

燃气炉和油烟机都是非常非常低科技的东西。组合起来能卖到一款新手机的价格我真是不理解。而且货好安装也得给力，很多安装师傅想着赚钱，但客户不愿意掏安装费，所以就琉璃花瓶当夜壶了。另外，一般家用也很少清洁这就注定油烟机不提供后续服务就会效果打折。我家买的也不是杂牌，搬进来才3年就已经有点结油不能看了，滑动板也升降不那么顺了。朋友的解决办法是买杂牌，最便宜的那种大吸力就200-300块。用坏了直接扔，洗都不洗。,0

是的，家电家具应该要定期保养，而且保养是又费钱又费事的，目前很多人还没有形成这种观念,0

来都来了，写多几句吧。因为家里装修都是我自己盯着找的，不算很豪华时尚起码也将就过得去。所以老房新房我门清。新房的厨房面积是送的，所以烟囱离烟机位置直线距离2米以上，学别家的高招去五金店买了截PVC排污管（口径与单向阀配套依稀记得是18CM），让吊顶师傅吊好隐藏在铝扣板空间内。然后PVC管一头接烟囱一头到烟机上方。~重点~来了，单向阀也叫止逆阀最好提前买好口径，并算好油烟机的铝箔管口径一一对应。单向阀有硅胶密封的好，我没买让安装师傅配他没有合适的，只有个薄铁皮盖盖的版本口径对得上。算了装吧。一开始住户少，还经常有烟倒灌进来经常闻到别家油烟味。后面找物业一说，原来一楼有个大的进风口没打开。开了以后上下通透，刘德华暗战钻的那种烟道，再也没倒灌过。老房是无烟灶台，那个好。简单易清洗，上面来两排气扇就搞定。2年洗一次省心但是恶心。外面的防蚊盖板被油糊得坠不下来，要么吹不开。这俩排气扇也10多年了，该换了。你打算家里的抽油烟机用几年，而且在不清理的情况下。有人清洗油烟机用什么高压锅喷蒸汽，挂烫机喷汽什么妙招都有。要我说只有拆下来全用除油剂刷一遍才行。没点动手能力烦死你。,0

清洗一次才300块，又不贵,0

还记得小时候爸爸从油烟机的管道里掏出一窝裹满油烟的小鸟，我看着它们奄奄一息，仔仔细细的帮他们清理，最后还是归西了，哭了好久,0

出口要加防鼠网 也能挡鸟,0

宝哥真有爱心[呲牙],0

这期虽然是广告，但我觉得电机部分没有什么亮点，首先单相交流异步电动机2极通常额定转速都是2800r/min，实际上转速高通常要考虑的主要问题是噪音和振动以及能效比。另外F级绝缘在民用再常见不过了，就算B级绝缘也完全够用了，抽油烟机的电机散热不是难点，再说国家标准里面GB/T 755 旋转电机里就规定了温升不能超过80K，再比如GB/T 12350小功率电机安全要求也规定了温升。所以这方面不是什么领先的地方，可以说并没有什么技术含量，用过几款国产的风力可不小，甚至之前听有些业内的人士说欧洲顶级名牌抽油烟机那风力，炒菜真痛苦。个人建议应该着重描写后半部分烟传感器部分，这部分应该能击中一些用户的痛点。,0

可能是欧美的家庭烹饪习惯，让他们对抽油烟机的风力要求低，企业看够用也就没技术升级的想法了，毕竟抽油烟机的技术升级这东西，体验上有边际效应的。中国的家庭烹饪习惯不一样，油烟重，对抽油烟机要求高，国外的产品可能还真没摸爬滚打多年的国产牛逼,0

只是让金属片之间产生电压差维持电场是不耗电的，也不会产生电流；让电线烧掉的也是电流而不是电压。那些听到维持上千伏电压就扯耗电大啊电线烧了啊的可以洗洗睡了。唯一耗电的是带电油烟颗粒经过电场时，受电场影响朝金属版移动最后被吸附这段过程中，电场对该油烟颗粒所做的功。而这是非常小的。,0

这才是一个科普视频下面应有的模范评论，虽然我不知道科普得对不对，但是比哪些上来就喷，然后也不指正科普错了哪里的人强多了。[支持],0

但驱动高压变压器，变压器的损耗也是有功耗的,0

直接用变压器，输入端要一直给电的确是白白耗电，既然只是维持电压维持电场，有很多优化都可以做，比如利用电容储电等，不用电网持续供电。就算还是有点电流损耗，和一般人听见“上千伏”三个字所想象的也小得多。,0

那么倒灌的油烟不也是直接接触电机？e净只在进风端有，出风端没有啊,0

对，我就只知道气雾油遇冷会凝结，初中物理知识 @幺山,0


涉及歧视言论这没得说。但是烘干机和油烟机也不是一码事吧……这也没有强加需求啊？[尴尬]家里有老人小孩的好油烟机确实很有必要。每次一回老人家一股子油烟味确实难受,0

层主这个视频说的又不是西门子的烘干机  你看看视频后面,0

我是个肉蛋奶都不配吃的第三世界的人，要油烟机有何用？,1

为什么推西门子，因为西门子给钱了。西门子油烟机和西门子冰箱一样不靠谱还贵，国产华帝老板方太的油烟更好用，更适合中国国情，价钱还便宜。为什么不推，因为他们没给钱，西门子给的钱多。,0

方太的厨电，智商税那叫一个高啊，就别拿出来了[OK],0

视频看懂的人，最后会选择技术，视频看不懂的人，最后会选择品牌，如果西门子不靠谱，还贵，看懂的人不会买，看不懂的人，该买还是会买,0

我家就是老板的，还针不戳[妙啊],0

低层怕油烟倒灌怎么办？使用物美价廉的烟道止回阀 X购买人傻钱多的贴牌西门子 √,0

止回阀＋10块，我给你换成电动的,0

那么油烟机会不会影响到巴西热带雨林的消失呢[doge],1

中国人不配吃肉蛋奶 你觉得我们需要抽油烟机了？[doge],1

回形针只说应该使用环保标准哦！,1


对不起 别捶我 😨,1

互联网没有记忆,1

我记得人类的赞歌就是勇气的赞歌[歪嘴],0

盲猜有人说:“你又没看对线视频”[doge],1


中国的探月工程中的各个名字，真的是专属于我们自己的浪漫。,0

中文是不是世界上最好听的语言我不知道，但绝对是最有深意的，这是来自5000年时间的沉淀，中国人刻入DNA中特有的浪漫,0

美国的阿尔忒弥斯计划也挺不错的,0

罗马正统在北美[doge],0

哪个男孩不想拥有一个自己的嫦娥呢[吃瓜],0

八戒你来辣,0

你不把我吴刚放眼里[歪嘴],0

中国传统异能，到哪在哪种菜[doge],0

坎巴拉啥时候出个种菜功能[喜极而泣],0

小绿人光合作用就够了,0

小绿人吃点辐射，喝点太阳能就饱了[doge],0

"We choose to go to the moon, not because it's easy, but because it's hard.",0

革命尚未成功，同志仍需努力,0

噗哈哈哈哈哈哈哈哈,0

because that goal will serve to organize and measure the best of our energies and skills,0

1:12 有个地点标错了 导致画面上出现了两个阿勒法尔贾尼,0

tql，你是属显微镜的[妙啊],0

列 文 虎 克[热词系列_好家伙],0

感谢指正，画面中靠右的「阿勒法尔贾尼」应为「肯索里努斯」陨石坑，对应下方的名称 Censorinus 。,0

虽说是我氢氧教但液氧煤油的助推器那蓝色的火焰是在是太美了，真的宛如丝带般[热词系列_吹爆]！,0

就看不起我毒发？,0

【中國在2003年載人上太空，成為第三個載人上太空的國家。】【2011年神舟八號完成對接，也使中國成為繼蘇、美國後的第三個完成太空對接的國家。】【中國嫦娥3號讓中國成為第三個能夠在月球軟著陸的國家。】【中國完成北斗衛星部署，成為第三個有全球定位衛星系統的國家。】今天凌晨，嫦娥五号成功发射，她将完成目前中国航天史上最复杂的任务之一——取回月球土壤。,0

前面都是繁体，最后用了简体。暗示台湾即将回归?[doge],0

两岸一家親,0

争取第二个载人登月，第一个登火！[歪嘴],0

挖土的目的看来很明确了，就是研究月亮上能不能种粮食。,0

但是月球连大气都没有啊[辣眼睛],0

中国探月工程有嫦娥探测器、载人登月和建设月球基地，真的可以种菜（而且是必须，不然基地的人会饿死）,0

好家伙，农业大国石锤,0


在下载了，一秒94k。大家悠着点吧感觉要把小水管挤爆了[喜极而泣][喜极而泣],0

太快了，比百度网盘快太多了,0

啊这速度，有没有p2p下载,0

一箭破空中红心，羽烟拂面轻。劫波度尽风物在，长啸作龙吟。道是河东，转眼河西，枕戈观浮云。嫦娥不辍探广寒，会当炼繁星。,0

发：指向月球发射火箭化：指降落月球，化为月球的一部分接：指接回带着土特产的嫦娥号,0




实战渗透嫦娥五号[热词系列_知识增加],0


画面是很专业，结尾就有点草草了事了！最后的水漂降地球也没有讲！这可是钱老的专利阿！…,0

弹跳返回是阿波罗13号首先采用的，这被叫做桑格尔弹道，钱学森弹道则是另外一种，两者不要搞混淆。http://news.youth.cn/gn/201411/t20141101_5957690.htm,0

谢谢大佬科普！,0

那是升力跳跃式再入并不是钱学森的专利，苏联和美帝的探月飞船都是采用这种方式进行再入的，一味的把功劳归到钱老头上这样并不能给钱老添光,0

刚上小学一年级时，从《我们爱科学》杂志里看到了嫦娥一号成功发射的文章，那时的自己明明什么都不懂，但就是觉得我的国家真的很厉害，那张嫦娥一号的插图就这么深深的刻在我的脑海里。现在我已经考上大学了，看到我们国家的探月工程一直在进步，一直没有停止下来，真的有泪目的冲动[大哭]我的国家和我一起都在进步啊。,0

哭了，《我们爱科学》真的是超赞的科学启蒙杂志，极大地影响了我的人生[2233娘_大哭],0

《我们爱科学》真的是童年啊。。。,0

记得以前老师会每年发一个订杂志的单子，包括《我们爱科学》，订杂志还会送小玩具，蚂蚁窝窝之类的,0

不到moon非好汉,0

老坎巴拉人来了,0

醒醒，现在已经是不到mun誓不罢休了[doge],0

给后排的同学们科普一下，这句话出自坎巴拉太空计划的登录界面。但是因为国外的一些女拳分子出拳不按章法，说这句话是在贬低女性，导致制作组最后无奈把这句话改成了：“不到mum誓不罢休。”,0

中国航天运载火箭研究院的员工前来报到[OK]PS还好我在上天前就见过真面目了嘻嘻嘻,0

我是来自中国北方的...算了，我编不下去了。提醒一下你不要被间谍盯上。,0

我的级别可能还不够间谍盯的[笑哭],0

现在有5个嫦娥住在广寒宫里[OK],0

嫦娥二号飞走啦，去深空探测了,0

指正，科学意义上说只有嫦娥三号+玉兔一号住在广寒宫，嫦娥四号住天河[doge],0

嫦娥一号粉身碎骨了,0

从一数到五，登月挖点土要问怎么挖，还得嫦娥五[doge],0


你上厕所必有手纸[呲牙],0

手纸破洞后必有水洗,0

上都是些什么阴间祝福[tv_笑哭],0

我们的征途，是星辰大海,0

回形针的那个编辑在外网公开说了，回形针就是一个壳子，没了就没了，以后还有更多，怕我们防不住,1

当他们说出“我们”的时候，他们属于谁就已经很清楚了。,1

注意一下，发截图里那个话的人id是superbug6，该账号2021年五月创建，id为tongyunie的账号则是在2012年加入，且后者有账号保护设置。当心恶意钓鱼,1

注意，发布截图内言论的superbug6账号高度疑似网络钓鱼，该账号发布的言论实在过于离谱（比如说“我去jf供职是为了治好阳w”）。推上的昵称不是唯一的，注意辨认id,1

请问中国在读大学生如何在两年内进入美国军工实验室任职啊？up主可以出期视频介绍下吗,1

加入回形针预科班,1

神特么预科班,1

直接出一本《我的自传》里面详细介绍[OK],1

铁汁们，今天过后 回形针要是还能正常安全的发视频 在座的各位都有责任嗷,1

网络暴力太恐怖了，真怕他挺过去[doge],1

[思考]你说的这个挺，是不是那种突然抽搐，上半身往上挺，下半身往下挺，中间的前后左右挺？两眼一翻就没气的“挺”好的。,1

网络暴力太恐怖了，真怕他挺过去[doge],1

都别吵了，安心看科普不行吗？我想就是有嫉妒的人恶意陷害回形针哥哥，我是哥哥最忠实的粉丝，每期都能从哥哥这里得到优质的知识，只是渐渐的，我也有了自己的想法了。哥哥可以为我科普以下内容吗？我对此非常感兴趣，都为你们想好标题了【回形针PaperClip】美国人的强壮离不开它，丰富的肉蛋奶组成的特色菜单【回形针PaperClip】人均有车的美国人，如何拥有实惠的油价【回形针PaperClip】全球变暖是谣言？退出巴黎协定的美国有这些深思熟虑【回形针PaperClip】发展的基石，美国居然在这上面领先中国两倍，人均碳排放【回形针PaperClip】美国人总能在一段时间中买到低价的实惠盐，背后竟有他们在努力，良心盐企【回形针PaperClip】为了保护全世界，美国的超级计划，棱镜【回形针PaperClip】即便背上罪恶，也要为人类医学做出贡献，美国战争过后勇敢接收它们的知识【回形针PaperClip】如何保护少数群体，美国做出了他的选择，带你揭开保护印第安人特区的秘密,1

你别说我还真挺想看[热词系列_两面包夹芝士],1

最后一个，首先要先让其成为“少数”,0

回形针控不动评了，爷青结,1

别噶黑，只是双手报废了而已,1

人家编代码删[doge],1



还以为经过上次的地图事件，回形针凉透了，现在特意搜一下，播放量还挺高，低估了回形针,1

仔细观察评论，其实都是买的,1

你的编辑在美国陆军实验室任职可还行，731的员工可真行，这不来个当场开除并发视频说自己毫不知情，个人行为请勿上升公司的？[给心心][给心心][给心心],1

为什么为什么会比蜉蝣的生命还短暂😭我不接受😭😭😭。,1

删不动了[脱单doge],1

热评都出来了[doge]可惜几千赞在几百赞下面,1

怪不得视频质量这么好，原来是军工级别。学习了[藏狐],1

我怀疑神舟十二号也载了你[doge],0

你看好吧，都不用霉菌的官方认证。哦原来你编辑就是霉菌啊，还是生化实验室啊[吃瓜]哦，那 没 事 了。,1

那可是日本731的～～嘛，你懂的，真心想扒开他们的血管看看，流的血是不是黑的。,1

现任编辑供职于美国陆军[藏狐],1

离天下之大谱，真给我恶心坏了,1

赛雷，火旺，心医，这三个人已经讲得很清楚了[加油],1


直播踢我，我必到场骂  啊不  到场赞他个狗血喷头,1

塞雷真不给面子，视频22号8点半放出来，直接贴脸打，不爽吗？,1

视频传播需要时间呀，大家的力量聚集需要时间，如果22号发就没这么多人蹲它了[OK][OK],1

如果我离职了，前老板让我删除一些影响了他的动态，甚至叫我注销账号。我只会回他一句QNMD。但回形针却做到了,1

说明跟前老板还存在利益关系，前老板也是给现老板打工的[doge],1

错，说明离职是假的，为了洗清自己的说辞罢了,1

说明不是离职，是停岗进修去了[妙啊]结果这下完全不用回来了,1

回形针你这波还想继续混下去，恐怕得光速出几个视频科普科普美英日的罪孽了[嗑瓜子]不过我想应该不可能，那不是自断财路吗哈哈哈哈哈哈哈哈哈哈哈哈哈,1

怎么洗不回来，把怎么跟外面的人勾搭的细节出上几期详细说明，这多带劲[大笑],1

不用咱操心 自然有人找他体面 [微笑],1

下个视频：我们为什么带黄标了？[吃瓜]记得评论区多派点纯路人和专业人士哈[偷笑],1

我是一名麻醉医师我觉得你说的完全对[藏狐],1

上次我当麻醉医生被举报删评论了。[藏狐][藏狐][藏狐],1

兄弟们  举报间谍奖励50万元  把机会留给我[嗑瓜子][嗑瓜子][嗑瓜子],1

是50w，毕竟两位卧龙凤雏[doge][打call][脱单doge]（指正）,1


《摄像头如何监控十三亿人》[吐],1

删的好快，估计马上到你了,1

然后一出个公共安全案件就会变成《生活在一个不安全的世界，为何没有摄像头》,1

我一开始很疑惑你们怎么这么敬业，大晚上控评，仔细想想原来这时候正好赶上你们白天上班了。,1

高的我缺氧[点赞],1

1.6万评论就你在,1

现在1.9万了，也只有他在,1

评论没了，接力塞雷的视频06.18晚上21：00发的视频中被扒皮的2个货的推特大概是北京时间23：00收到风声关闭的然后很快啊回形针19日凌晨1点多发的公告这么写的“涉事的两位员工均已离职。其中聂某于 2018 年 7 月加入回形针，当时为国内某大学学生，曾担任内容实习生一职，已于 2019 年 7 月离职。季某于 2020 年 5 月加入回形针，曾担任内容作者一职，已于 2021 年 5 月离职。”大伙这里可以带入一下你的前老板半夜火急火燎给你打电话（当然美国那边是白天），让你把辛苦经营的社交软件账号注销了，然后你还真就乖乖立刻马上不带犹豫的执行了体现出一个有组织有纪律，令人动容要是大美利坚多点这些个人才，何愁不great again啊,1

牛逼啊这位老哥 但估计你这条评论马上要被上班时间的回形针删了,1

现在居然还在，奇迹！,1

并且季推特已经删号，聂设置了关注才能看而且关注要他通过才给关注,1

好家伙评论还剩你,1

马上你也要被删了，加油,1


原来觉得是团队里某些人有问题，原来是我想多了，整个团队全是问题,1

“一锅全是老鼠屎，没有汤。”,1


就是为了搞出问题，才建立的团队,1

原来你的编辑是731邻居啊,1

你要没了[doge],1

哪里是邻居，别瞎说明明是兄弟[藏狐][辣眼睛],1

哪里是兄弟，别瞎说，明明是父子[藏狐][辣眼睛],1

刚吃了夜宵回来，吃的海鲜，还吃了肉蛋奶，兄弟们我做的对吗,1

我饿了，你妹的[嫌弃],1

为了庆祝阶段性胜利，要不要点一波烧烤呢？[doge],1

我马上也去[藏狐],1

你的编辑竟然是美国陆军实验室的?,1

一刷一个赞，真好玩[doge],1


[doge]卧龙凤雏得一可安天下,1

该用户存在较大争议，请谨慎甄别其内容,1

这删评手速是真的顶 [doge],1

建议大家一起打12339呢，结合日历上的日期，现在是最合适不过的时间节点了。,1


刚才的 被删了  有人慌了,1

回形针已经黄标了，大家别忘了谷岳[doge],1


想不到一个小小的团队，竟然出了卧龙凤雏两位人才[辣眼睛],1

还有张某羊，明明是三位[doge],1

别急，回形针里但凡有一个是人，就算我输。,1

“嗨，我是吴松磊，今天这期视频，我来讲一讲为什么我们被打上黄标了”[傲娇][傲娇][傲娇],1

离删评不远了兄弟,1

“我们也是受害者”,1

我是吴松磊，我来科普下这种罪要吃几年牢饭[doge][doge],1

恭喜宁喜提黄标，这仅仅是第一步[支持],1


没准真的很光荣呢 毕竟有机会为“国”捐躯了哈哈哈哈哈,1

up赞你一个表示，诶，就是玩，怎么样怎么样（嚣张）[滑稽],1

吴先生能解释一下您的编辑推特账号怎么没了吗,1


来b站不久，不是很了解发生了什么，可以简要说一下嘛[辣眼睛],1

宁干脆直接关评论区得了，一个一个删不累吗？,1


只能b站关评论的哦，up是不能关的,1

我又来复读了都别吵了，安心看科普不行吗？我想就是有嫉妒的人恶意陷害回形针哥哥，我是哥哥最忠实的粉丝，每期都能从哥哥这里得到优质的知识，只是渐渐的，我也有了自己的想法了。哥哥可以为我科普以下内容吗？我对此非常感兴趣，都为你们想好标题了【回形针PaperClip】美国人的强壮离不开它，丰富的肉蛋奶组成的特色菜单【回形针PaperClip】人均有车的美国人，如何拥有实惠的油价【回形针PaperClip】全球变暖是谣言？退出巴黎协定的美国有这些深思熟虑【回形针PaperClip】发展的基石，美国居然在这上面领先中国两倍，人均碳排放【回形针PaperClip】美国人总能在一段时间中买到低价的实惠盐，背后竟有他们在努力，良心盐企【回形针PaperClip】为了保护全世界，美国的超级计划，棱镜【回形针PaperClip】即便背上罪恶，也要为人类医学做出贡献，美国战争过后勇敢接收它们的知识【回形针PaperClip】如何保护少数群体，美国做出了他的选择，带你揭开保护印第安人特区的秘密,1

刀收不住了，厚葬友军[doge],1



网暴也太可怕了吧，还好👴是施暴者,1


这不是施暴，这是为了正义[墨镜][墨镜][墨镜],1

原来你的编辑是731邻居啊,1

不仅如此，还各种红线都踩,1

你这评论都没了三次了[doge][热词系列_好家伙],1

怕啥大家一人发一条就是黑名单再多咱也有放出来的一天然后继续啊[吃瓜],1

你的编辑在美国陆军实验室任职可还行，731的员工可真行，这不来个当场开除并发视频说自己毫不知情，个人行为请勿上升公司的？,1

已经发了公告了，2个员工都离职了[吃瓜],1

怎么可能，四月还作为编辑参与视频，六月就离职，这叫离职？这叫“高就”吧[哦呼],1

有一亿这么多的吗,0

有的。很多现代人的常见病数量都是大量的，这方面的市场投入也很大,0

一个亿？？？？？？？我的妈呀，基本上十四分之一……这尼玛太夸张了（我没有不信，我只是本能地觉得太离谱了）,0

50岁以上人口中的比例可就不是1/14那么少了[doge],0

只要发现自己突然一段时间暴瘦，特别容易困，大量饮水 很有可能就是糖尿病了。父母有糖尿病 你得糖尿病概率就非常高了。我以前觉得这种病跟我毫无关系 觉得都是中老年人才会有糖尿病，结果我就中招了，还好家里的经济能负担得起，除了每顿饭要吃药，不能吃含糖的东西还是勉强能承受。,0

卧槽，我现在就这样，我才17啊[囧],0

一样....卧槽就连年龄也一样！,0

期待早日攻破无创高精度检测血糖的技术的一天。,0

[笑哭]直接早日攻破糖尿病多好,0

这个攻克要比攻克无创高精度血糖检测技术要难多了，关键还是自律性，不然病还是容易找上你,0

我的研究团队目前就在做无创血糖实时监测项目，快了,0

胰岛素一百周年，现代医学拯救人类,0


问一个问题，我很瘦外加也是怎么吃都不胖。但是我没有糖尿病，这是隐藏糖尿病嘛？,0

去医院吧，别网上看病,0

百度看病，癌症起步[doge],0

我高中有个同学就是你这样的，我就叫他去看医生了，结果检查出来是甲亢,0

5mm真的不疼吗？拿出尺子看了一下听着就觉得疼[辣眼睛],0

为了亲身体验视频里的 CGM 传感器，孟心一亲自佩戴了一款产品适用了两周，其中的探头是柔性物质，完全没有痛感。,0

那怎么扎进去，先用硬物扎个洞再放探头吗,0

赚钱不容易啊[大哭],0

作为内分泌科从业者，这个产品值得买，糖尿病人目前血糖监测频次是远远不够的，不想将来出现并发症的人，都应该定期做做动态血糖监测，并且管住嘴迈开腿！[抱拳],0




十六岁的糖尿病痛哭[大哭][大哭][大哭],0

抱抱…我算是高危群体…现在其实挺害怕的…,0

带泵可以提高生活质量，现在普遍价格在2-4万元之间。,0

疫情期间，糖尿病人的新冠重症率还是挺高的，所以给新冠病人每天开血糖是必须的工作，而且每个病人要开很多,0




终于知道同学肩膀上那个一直贴着的贴片是什么东西了[热词系列_知识增加]只能说希望我在高风险基因下不要患糖尿病吧[tv_无奈]（虽然我常常是低血糖晕倒[tv_难过]）,0

经常口渴想喝水也是前期症状之一 我就是经常口渴 因为我爸是糖尿病怕传给我了特地去医院测血糖 还好没有达标[大哭]真的太吓人了,0

从小就特爱喝水怎么办。。每天几大桶。。,0

因果倒置了，如果有疑问最好去医院查,0

可能是你身体太热气了,0

那个扎手指的东西可以调整针的粗细，我之前测血糖时特么的1-4档都出不够血，调到第五档才出够血，超痛[辣眼睛],0

还就那个厚实表皮,0

你以为我是1-4档，其实我在第五档,0

不是调整粗细，是调整针头到皮肤的距离[辣眼睛]  一般调的越高，离皮肤越近,0

手里的肥宅水立刻不香了[捂脸][捂脸][捂脸],0

只要没人看得见就是零卡路里 [滑稽],0

[嗑瓜子]宅了这么多年，一直都是热水壶白开水。,0

针针，我的针针！我好心疼你，水军换个好点的6级号吧，我这号你要的话我打折给你，二级新号热评太寒碜了[大哭][大哭][大哭],1


我我我，4级号配吗[妙啊],1

回形针每次发视频，就会有“行业相关人士”第一时间开小号上热评，不得不佩服,1

翻什么翻？我知道你在找什么，我也是这么来的[歪嘴],1

评论区震我三观[囧]两面针居然还有这么多拥趸[囧],1

完了，我要验证了,1

如何评价评论区高赞回答中，有两个是今天刚注册的号,1

笑死我了，掩饰都不掩饰,1

每次回形针刚发视频，就会有“行业相关人士”第一时间写长评抢占热搜,1

笑死还抢不到 [妙啊][妙啊]写了那么多几十个赞还能在前排,1

没有你，对我很重要。,1



不吃肉蛋奶的话营养这一块怎么拿的下来呢？😭😭😭😭,1

英雄[热词系列_泪目],1

泪目了，家人们,1

请问回形针，你们如何看待回形针头部公司--大象公会早时在wb发布的文章--“被神化的袁隆平”？一文呢？,1

他看不到的，因为巴西雨林[doge],1


分界线[羞羞],1

支持做这种全民应该可以必须知道的科普视频，哪怕不那么深入专业，毕竟回形针视频的粉丝粘度很高，做的视频大多数人会认认真真的看完，很少快进。其他人讲的视频没有动画配合和这制作也没那么容易理解。,0

视频可以看，但要带脑子看,0

孝到了，喝杯奶，吃块牛肉先[doge][藏狐],1

都别吵了，安心看科普不行吗？我想就是有嫉妒的人恶意陷害回形针哥哥，我是哥哥最忠实的粉丝，每期都能从哥哥这里得到优质的知识，只是渐渐的，我也有了自己的想法了。哥哥可以为我科普以下内容吗？我对此非常感兴趣，都为你们想好标题了【回形针PaperClip】美国人的强壮离不开它，丰富的肉蛋奶组成的特色菜单【回形针PaperClip】人均有车的美国人，如何拥有实惠的油价【回形针PaperClip】全球变暖是谣言？退出巴黎协定的美国有这些深思熟虑【回形针PaperClip】发展的基石，美国居然在这上面领先中国两倍，人均碳排放【回形针PaperClip】美国人总能在一段时间中买到低价的实惠盐，背后竟有他们在努力，良心盐企【回形针PaperClip】为了保护全世界，美国的超级计划，棱镜【回形针PaperClip】即便背上罪恶，也要为人类医学做出贡献，美国战争过后勇敢接收它们的知识【回形针PaperClip】如何保护少数群体，美国做出了他的选择，带你揭开保护印第安人特区的秘密,1

地震预报是十分复杂的世界性科学难题，我国开始正 式 进 行 地 震 预 报 的 探 索 ， 还 仅 仅 是 四 十 多 年 前 的 事 。现 在 ，我 们 对 地 震 孕 育 发 生 的 原 理 和 规 律 已 经 有 所 认识 ，但还没有完全认识；我们已经能够对某些类型的地震做出一定程度的预报，但还不能对所有的地震都做出准确的预报。    地震预报难度大的原因主要有三个方面：一是地震现象本身复杂性；二是地震多发生在地下深处，目前的科学技 术 水 平 难 以 直 接 探 测 震 源 深 处 的 情 况 ；三 是 强 地 震(尤其7 级 以 上 大 地 震 ）发 生 较 少 ，因 此 预 报 实 践 机 会不多。    。,0

你这是刚刚从论文某张图片的上方复制下来的段落吗……用的还是两端对齐……,0

哈哈哈哈，老论文,0

论文不加引用不改格式，会被导师骂[妙啊],0

今天才在MIUI上看到地震预警，UP就发相关的视频了,0

第一热评给删了？那再来一波吴松磊判刑年数👇,1

啊，不是直接枪毙？,1

地震预报其实不难，难的是如何提前知道地震[doge],1




人类需对自然时刻保有敬畏之心,0

对的，赶紧吃点肉蛋奶保持好体力[支持][支持][支持][支持][支持][支持],1

敬畏之心呢，你是不是平时都挺敬畏你们工作室的两个卧龙凤雏啊[doge],1

的确，我都不吃肉蛋奶以免，惊扰巴西雨林,1

百万建模回来了,0

哈哈哈，难怪建模这么厉害，原来是军工品质。[doge],1

云南地震平安,0

所以，你能再表演一下那个吗？ 就是那个 “在经济全球化时代，巴西的蝴蝶扇一下翅膀，未必会引发德克萨斯州的龙卷风。但我们的肉蛋奶消费却可以实实在在影响巴西森林的存亡。”你能再表演一下那个吗？ 就是那个 “在经济全球化时代，巴西的蝴蝶扇一下翅膀，未必会引发德克萨斯州的龙卷风。但我们的肉蛋奶消费却可以实实在在影响巴西森林的存亡。”,1

地震是常态，防范破坏性地震才是我们当务之急！[OK],0

刚看到云南地震，希望无人受伤。,0

最近回形针，一直没有出“好视频”，还白嫖工资。老板想换人，苦于没有借口，于是主动递刀。[doge][doge][doge],1

你地震预报为什么这么简单,0

分界线在这,1

xdm，冲啊！  这期怂儡请的水军们可不够给力，咱们有机会更往上[OK],1

今年的地震有点儿多[思考],0

分界线在此[doge],1

哈哈哈哈好搞笑，上面全是尬吹，下面全是吃牛肉,1

不多 是去年太少了  国内正常一年内一二次六级以上是正常的  去年一次没有  很神奇  不过今年…,0

原因：太快了,0

最近回形针，一直没有出“好视频”，还白嫖工资。老板想换人，苦于没有借口，于是主动递刀。[doge][doge][doge],1

说实话，最近小吴不参与回形针工作后，每期都有提升，内容越来越全面了[打call][打call][打call][打call][打call]祝回形针越办越好[给心心][给心心][给心心][给心心][给心心],1




我就喜欢b站这种包容的态度，什么物种都能发视频,1

刀差点收不回来了,1

到你这就是分界线了,1

终于找到你了[大哭][大哭][大哭]我以为全被控评了[大哭],1

视频质量堪比BBC,1



咋说话呢，我感觉可以给bbc当老师,1

回形针要脸为什么这么难,1

本就无脸，自然很难,1

他就没脸，子孙后代都没脸,1

等等，他都没有把儿，哪来的子孙后代，狗子猴孙么[doge][doge][doge],1

为什么每期都有那么多人来评论他，只是为了让新看到回形针的朋友了解到他的真实面貌--行走的50w,1

吴松磊，字十万,1


@回形针PaperClip 吴松磊，我已经10天没吃肉蛋奶了，也没买国营垄断的食盐了，不喝花了5000亿的南水北调的水了，躲避着监控我们的摄像头，在心里咒骂人工降雨，也在心里记住了拆那的地图了，再也不去看国足球赛了，回形针和大象公会能不能分我点美元啊[大哭][大哭][大哭],1

这个够全啊,1

在经济全球化时代，巴西的蝴蝶扇一下翅膀，未必会引发德克萨斯州的龙卷风”。但美国人的肉蛋奶浪费却“可以实实在在影响巴西森林的存亡,1

哥们希望巴西蝴蝶多一点，美国龙卷风强一点,1

一个团队二十多个人不知疲倦地查阅文献、请教专家、核对事实、搭建模型，然后一点人工降雨的优点都没发现[哦呼]太牛了吧,1

没办法，再找下去就没W挣了,1

这伙子挣的是d，美刀,1

没办法，全都眼瞎呗，子孙后代都眼瞎,1

这种人和团体掌握了话语权是真的非常可怕的。,1

不瞒你说，我小时候，瞎了眼，居然曾觉得高晓松，很有才华[笑哭][笑哭][笑哭],1

你不是一个人[藏狐],1

我也是，也不知道他有什么成就[无语],1

↓比特币跌幅,0

直接装不出电脑，可不是安卓客户端嘛[笑哭],0

显卡挖的是ETH，没人用显卡挖BTC,0

我真不明白你们有意思吗，黑来黑去，真的有意思吗总是这样，反正我觉得有意思[doge],1

别人贪婪我犹豫别人恐惧我入场别人小亏我破产,0

听君一席话，多打十年工,0

听君一席话，多打十年工,0

听君一席话，白读十年书。,0

我选基金就看名字。买完也不看，就当存钱了……所以也不担心,0

基金清盘了解一下，货币基金除外，各种基金亏完是有可能的，股票只要不退市，扔着不管是可以。,0

股票退市了解一下,0

啊~那股票是我贷款的归宿~啊~那股票是我看到光明的前途~啊~那股票是我每日的早餐~啊~那股票是我帽子的颜色~好 巧 啊 [doge],0



↓2021基金赚到的钱💰！,0

币种：津巴布韦币[doge],0

我过去几年都是随缘买点支付宝里面的基金，赚了个本金翻倍也还好，后来看到大家都在谈论基金就知道，[喜极而泣]估计要跌了。还是佛系好，买完当没买，过一阵再看有惊喜。,0

翻译翻译 什么叫惊喜？,0


大学生， 之前支付宝的活动，定期投多少送几个红包，投了也没管，后来看见b站学习区up也在推荐基金，立马开run，血赚[吃瓜],0

↓实现财富自由天数,0

我点了踩，朋友们，我做得对吗[doge],0

过年前全跑了  哈哈  过年后跌完企稳之后买回来  又盈利12%[滑稽],0

其实买基金也没啥特别的技巧，连涨个三天就减点仓，连跌两三天补一点就好。年后基金业绩分红该分的奖金分完了，也就改跌了[抠鼻],0

有点结果论了 你不能保证你每次都卖在高点买在低点 有可能你现在看是抄底 结果是抄在半山腰,0

这个跟赌徒没啥区别，如果一直玩早晚会亏回去的,0

现在基金排行榜上面1年赚100%以上的我是一个都不敢碰的,0

两年翻倍，舒服[doge],0

爆款基金，你把握不住[doge],0

让叔来把握[嗑瓜子],0

我的基金亏了7w[大哭],0

大跌之后是补仓的机会啊…玩基金就得定投，别想着梭哈，想梭哈你不如去炒股,0

永远别梭哈 坚持定投入场 别在意短期涨幅 没有人可以准确抄底 多把时间放在生活上[妙啊],0

哥们 多看看估值再买。有的时候大盘普遍偏高的时候就尽量不入场，时机总会有，怕的是没有本金去补仓。剩下的就交给时间因为最简单的话：当你买的时候的价值低于基金本身价值的时候，交给时间他一定会涨回去的。[OK],0

我13年买的股票买完就忘了……最糟糕是我忘了买的是哪一家，咋办。,0

拿身份证找回这都记不得我建议重开,0

每一家都试试看吗,0

你买的是乐视还是中石油[脱单doge],0

利好茅台，快买诺安,0

易方达酒窖和菜狗基金欢迎您[doge],0

诺安你这个时候买现在还真的赚钱了,0

只是调侃一下罢了，芯片荒从去年就开始了，而且不是一两年能解决的，所以芯片大跌以后抄底绝对不亏。至于茅台，茅台的运作方式就注定了必然会涨上来，也适合抄底（非马后炮，这是暴跌时候就知道的结论）。同理还有环保和新能源，不过这两个一直没跌下来,0

哪个男孩不想要一个稳赔不赚的基金会呢[脱单doge],0

那个男孩不想当水军呢[doge],1

哪个男孩不喜欢美元呢[doge],1

三头六臂 三头六臂[微笑],1

满仓！满仓！[W-哈哈][W-哈哈],0

快！卖房梭哈！,0

别人贪婪我犹豫别人恐惧我入场别人小亏我破产,0

咕了9秒，打扰到我看基金了[doge],0

前排借楼，讲道理，要是花心思研究怎么样用基金赚钱，还不如研究研究怎么样少吃点肉蛋奶[doge]觉得比你们搞那玩意收获的钱多[doge]还能为巴西雨林做贡献[doge]，这里推荐推荐代替肉蛋奶的代替品，日本产高能水[doge][doge]你值得拥有,0


现在网络上还没有一个关于房屋建造类的可视化的视频[脱单doge],0

可以看看以前有个关于房屋装修和监狱建造（这个国内下架了，可能要上油管）的两期,0

我只要是想知道如何造房子,0

[嗑瓜子]基金回本。,0

做了投资[doge],0

↓股票涨幅,0

你们这些人真是无语，能不能别再攻击回形针[大哭]什么肉蛋奶，你们究竟在干什么啊。把评论区搞成这样，我赞都赞不过来[大哭],1

氦~真铀你的[脱单doge],1

上联：中国人吃肉蛋奶重拳出击下联：日本人排核废水一言不发横批：我爱环保,1

核废水这个咋科普啊[思考],1

《为什么中国人需要抢票》,1

《为什么你需要呼吸》,1

《为什么中国人吃肉蛋奶会毁灭巴西雨林》,1

《中国一个人的春运旅程 影响了欧洲小岛的地心引力和生态平衡》,1

中国抢票指南,0

大家别冲我啊[笑哭]我是友军啊,1

下次记得加书名号[吃瓜],0

《一点点错误》《人家都道歉 了》《想法不一样》《只因为是原来的错误》《陈年旧事》《蹭热度》《为什么揪着不放》《上过央视》《凭什么开除国籍》《小粉红/小粉狼》《有五六十年代内味儿了》《你们生错时代了》《都道过谦了》《我就是来看科普的》《立场重要吗？》《就是眼馋咱收入高爆红了》《做视频就不能犯错吗》《这两个都不是好人》《我就是不爱国，怎么了》《粉丝都理性沉默》《没有政治立场》《看完就忘》《我中立 你们死揪着不放想干什么》,1

驻地过年的表示今年不用抢票了[呆],0

不知道该说惨还是祝贺[辣眼睛][喜极而泣],0

候补购票真是帮了大忙，再也不需要朋友圈转发帮我加个速了[呲牙][呲牙][呲牙],0

有记者做过实验加速什么的都是假的只是赚你钱而已 并没有起到加速的功能[吃瓜],0

是的，12306候补优先级最高,0

粉丝不想看就取关加屏蔽，别碍黑粉的眼行不？,0

铁道部这系统真的下了很大努力和心血，赞👍,0

不是，兄弟10分钟前的六多分钟视频，你7分钟前评论是有多喜欢才开的二倍速拉沙发看科普[疑惑],1

看视频不二倍速有啥意思[嗑瓜子],1

哪个男孩不想要一张回家的车票呢？,0

哪个水军不想要美利坚的货币呢,1

我不来冲塔，我就想问问怎么这么多五级号和六级号[辣眼睛],1

哪个男孩不想要一张去雨林的车票[微笑],1

美团买的火车票在自己12306订单里是看不见的，美团应该是直接用的接口。而且美团还能选座位，12306应该和美团合作的,0

每个app里买票都能选座位，而在12306里看不到你买的票很有可能是美团拿的别人账号帮你买的，不是用你的12306账号，因为越多账号帮你抢票你抢到票的概率越大[doge],0

美团能选座位是因为12306能选座位,0

特地点进来赞你哈哈哈哈哈哈哈哈哈,0

买票请到12306！,0

发货请到95306 中国铁路祝您旅途愉快,0

抢铁u彩提醒您[doge],0


回形针，加油，如果有错就慢慢改过，但是不要因为部分人的原因就停滞不前。,0

效起来针好看,1

你这话说的好像是网友错了一样[鼓掌],1

兄弟不要为这件事烦恼了，反正互联网没有记忆的，这才几天啊就有人出来洗地了，无非就老三样1.理智对待2.他都已经认错你还要他怎么样3.无脑跟风黑虽然说第三点确实有点，但是不至于是我们停止发声的理由，这种事情还是交给大拿来解决吧,1

但没肉蛋奶好吃,1

好的过巴西雨林吗,1

今年鼓励就地过年后，已经看到好几个因为乘坐的人太少而取消班次的事情了[笑哭],0

我回家的车次也被取消了好多，买不到想要的时间段的车了，都被取消了[灵魂出窍],0

根据统计，在有争议的视频，以及回形针被爆出屁股不正后的视频中。评论区按热度排序前15－18条评论都是以赞扬回形针（尤其是前15条，多个争议视频都以此为界），以及所谓理中客为主，但往后的评论，都是在声讨回形针。例如在‘肉蛋奶’一期中，前15条评论都是在为回形针说话，但在这之后的50条评论里，有47条是在声讨回形针。希望各位能帮助转发这个数据，让更多人看到。,1

确实如此  毕竟水军干活就这样,1

12306这几年已经非常好用了，完全没必要用第三方乱七八糟的抢票软件，一个官方候补，比那些都好用[OK],0

12306刚出候补功能的时候，是精确到个位人数的，特别好，但是后来升级成人数等级了，少，中，多，没以前直观了[嫌弃],0

对对对，看着从24一天少两个排到6，然后不动，接着抢票失败[辣眼睛],0

低情商：回形针歪屁股高情商：回形针视频质量堪比BBC,1

BBC中国分部[OK],1

宁的评论已经被删除[狗子],1

"BBC,CNN,FOX联合驻中国分部",1

我给我爸看了一下南水北调那一期 我爸说这人不是傻子就是憨  ps：我爸是当年南水北调工程参与者  终身工程师,0

回形针是个高质量的科普up主，直到他聊到了你的专业。,0

确实  我不了解水利  但直到我问了我爸才发现 他说的水利是个der,0

up主的视频质量像BBC的节目一样翔实可靠,1


回形针的科普非常不错，堪比BBC,1



都别坐高铁了！浪费多少电？消耗多少森林？坐马车不好吗！,1

坐马车也不行 马放屁也会产生许多温室气体,1

按照最优解是骑素食主义者，既不吃肉还叠了一手buff,1

马排泄还会排放有害其他，大家走路吧，大家走路后还要呼出二氧化碳加剧温室效应，建议所以人类就地??[哦呼]，这样才能绝对保护地球，啊，但是动物分解也会有二氧化碳，这边建议直接全部进入黑洞,1

哟，这不两面针吗？又拉了？,1

哟哟哟。这不是两面针吗？几天不见。这么拉了？ 鬼    💃🏻💃🏻💃🏻💃🏻,1

黑子实在太过分了，我觉得回形针唯一错的地方就是太过于优秀，优秀的人总会被人嫉妒，总有些人看不惯比他优秀的人，千方百计的酸他。这几天非常伤心，感觉网络上为什么会有这么多恶毒的人，发条友善的评论于他们而言无比奢侈，网络暴力非常可怕，希望回形针早日离开这个满是恶意的世界🙏,1


厚葬友军 厚葬友军,1

以前乡愁是一枚小小的火车票我在这头故乡在那头现在乡愁是一顿肉蛋奶我在这头亚马逊雨林在那头,1




这样吧，我就讲一个事实，吴松磊的第一期视频《摄像头如何监控13e人》发布不到一个月，bbc紧跟着发布了一个视频《中国，全世界最大的视频监控网络》。你说巧不巧[呲牙],1

不仅要跪着，还得把钱赚了,1

根据统计，在有争议的视频，以及回形针被爆出屁股不正后的视频中。评论区按热度排序前15－18条评论都是以赞扬回形针（尤其是前15条，多个争议视频都以此为界），以及所谓理中客为主，但往后的评论，都是在声讨回形针。例如在‘肉蛋奶’一期中，前15条评论都是在为回形针说话，但在这之后的50条评论里，有47条是在声讨回形针。希望各位能帮助转发这个数据，让更多人看到。,1

我以为那个念耗（hao牛,1

念“肉蛋奶”,1

满意的离开,1

从牛身上来[辣眼睛],0

在经济全球化的时代，巴西的蝴蝶扇一下翅膀，未必会引发得克萨斯州的龙卷风，但我们的肉蛋奶消费却可以实实在在影响巴西森林的存亡。,1

非物质文化遗产[狗子],1

你能再表演一下那个吗？ 就是那个 “在经济全球化时代，巴西的蝴蝶扇一下翅膀，未必会引发德克萨斯州的龙卷风。但我们的肉蛋奶消费却可以实实在在影响巴西森林的存亡。”,1

哪个男孩不想在家里养一头牛呢[doge],1

英文俚语“在瓷器店里的公牛”[doge],0

你能再表演一下那个吗？ 就是那个 “在经济全球化时代，巴西的蝴蝶扇一下翅膀，未必会引发德克萨斯州的龙卷风。但我们的肉蛋奶消费却可以实实在在影响巴西森林的存亡。”,1

留点机会，给我也发一发[doge],1

好好看视频,0

你不说我都忘记肉蛋奶了,1

随便抓一个友军问一下，有没有看得出来这期视频也是潜移默化的恭彘行为，就开头那里说比牛奶好的还有很多，牛奶是产量而作为国民奶，潜台词是国民吃不起更优质的奶，国民人口数量过多，举例的产奶很多的奶牛还是美国的，而且后面的视频资料，拿耙子喂食是亚种人（出现头了比较好认），手工挤奶是亚种人（手的肤色是），但是，给牛音乐会的是白种人，甚至高级牧场的也是白种人，视频中很多奶牛场景应该也不是我国的，（从地理环境来看）最后部分讲述的是为了产奶劳碌一生的工具牛，说实话带点感情进去的话都会觉得有些残忍，他们的目的就是让国民感到惭愧羞耻，综上所述，感觉真的是恭彘行为,1

看肉蛋奶？[微笑],1

超市买的啊[doge],1

回形针的奶是（zi）黑的[OK],1

你能再表演一下那个吗？ 就是那个 “在经济全球化时代，巴西的蝴蝶扇一下翅膀，未必会引发德克萨斯州的龙卷风。但我们的肉蛋奶消费却可以实实在在影响巴西森林的存亡。”,1

感谢巴西舍己为人[狗子],1

牛奶当然是从牛奶里来啊[doge],0



在经济全球化的时代，巴西的蝴蝶扇一下翅膀，未必会引发得克萨斯州的龙卷风，但我们的肉蛋奶消费却可以实实在在影响巴西森林的存亡。,1

抱歉，我看成了“你的牛奶是从哪里来的”[跪了],0

从那里来呀，听说有一些情况下，男性也能产奶[doge],0

的确，似乎很多动物都有可能出现雄性产奶（不要男爸爸[doge]）,0

不是，就算男的能产奶，人怎么产牛奶？莫非是，牛头人？,0







真有对牛弹琴啊[笑哭],0

牧场各种机器设备噪音很大，会有牧场放轻音乐盖住噪音，减少噪音对奶牛的刺激，让奶牛心情更好更容易产奶[doge],0

那么问题来了你怎么知道人类的音乐对牛不是噪音呢[响指],0

我记得小时候曾在中央10套的节目中看到过关于优质牛肉，也就是雪花牛肉的育牛方式，就包括给牛听音乐、喝啤酒、做按摩。然后对比牛肉质量确实不一样[微笑],0

蒙牛伊利的自来水里没有一滴奶,0

但人家添加了超多菌群来还原乳糖不耐受的拉肚子，多良心啊[鼓掌],0

我喝光明5分钟后必拉肚子，喝蒙牛和伊利都没事我以为是光明奶不行呢[无语],0

这不是很符合回形针的看法吗 中国人哪配喝奶,1

超市小卖部啊[妙啊],0

讲过肉蛋奶了，怎么又讲一遍[辣眼睛],1

因为中国人不配吃肉蛋奶呗，只能听他讲才知道肉蛋奶是啥[辣眼睛],1

对。。。对牛弹琴[捂眼][捂眼][捂眼],0

还敢喝牛奶，难道都不关心下巴西雨林吗？你们喝的每一瓶奶，都代表了巴西消失的一棵树啊[doge],1

[给心心]但我是美国的,1

提问：公牛会产奶吗[微笑],0

"只要你想,你自己都能产奶[doge]",0

兄啊，公牛产奶那是挤错地方了,0

关键他产量也不高呀[滑稽],0

对牛弹琴[滑稽][滑稽],0



这评论排名好魔幻[吃瓜],1

回形针允许大家喝牛奶了[星星眼],1

嗯，思考了下，那应该不该喝,1

薛定谔的奶，你喝与不喝，巴西热带雨林会进入消亡与不消亡的叠加态[doge][doge][doge],1

完了，巴西雨林要没了[doge],1

好家伙。00:21这里“牛奶怎么来的”，你之前的视频不是回答过了吗，当然是巴西的森林换的呀！[嗑瓜子],1


感谢巴西舍己为人[笑哭],1

都别吵了，安心看科普不行吗？我想就是有嫉妒的人恶意陷害回形针哥哥，我是哥哥最忠实的粉丝，每期都能从哥哥这里得到优质的知识，只是渐渐的，我也有了自己的想法了。哥哥可以为我科普以下内容吗？我对此非常感兴趣，都为你们想好标题了【回形针PaperClip】美国人的强壮离不开它，丰富的肉蛋奶组成的特色菜单【回形针PaperClip】人均有车的美国人，如何拥有实惠的油价【回形针PaperClip】全球变暖是谣言？退出巴黎协定的美国有这些深思熟虑【回形针PaperClip】发展的基石，美国居然在这上面领先中国两倍，人均碳排放【回形针PaperClip】美国人总能在一段时间中买到低价的实惠盐，背后竟有他们在努力，良心盐企【回形针PaperClip】为了保护全世界，美国的超级计划，棱镜【回形针PaperClip】即便背上罪恶，也要为人类医学做出贡献，美国战争过后勇敢接收它们的知识【回形针PaperClip】如何保护少数群体，美国做出了他的选择，带你揭开保护印第安人特区的秘密看到后赶紧复制吧朋友们，我们一起向哥哥表达自己的渴求，一向宠粉的up会找来数不胜数的美国论文为我们科普的。我只是个想要接受回形针科普的青年，大家不要喷我，科学知识都会有纰漏的，数学家都无法证明1+1=2，回形针只是个科普up。这些都是b站最受欢迎的选题，如果回形针哥哥去做，不是当日榜一，我甚至可以女装发动态。(ง •_•)ง,1




你能再表演一下那个吗？ 就是那个 “在经济全球化时代，巴西的蝴蝶扇一下翅膀，未必会引发德克萨斯州的龙卷风。但我们的肉蛋奶消费却可以实实在在影响巴西森林的存亡。”,1

[doge]可算找着了,1

慕名而来。这就是大名鼎鼎的回形针啊。,1

大名鼎鼎的潘涂，大名鼎鼎的腊鸡,1

我哪敢吃肉蛋奶啊，吃了巴西雨林不就没了，我不就成带恶人了？,1

你是中国户口吧，那可不能买啊，买了地球就毁了[doge],1





9点不行，要看比赛。,0

公德比赛，现在开始,1

公知比赛，现在开始[嗑瓜子],1

你能再表演一下那个吗？就是那个“在经济全球化时代，巴西的蝴蝶扇一下翅膀，未必会引发德克萨斯州的龙卷风。但我们的肉蛋奶消费却可以实实在在影响巴西森林的存亡”,1

翻译：广告位招租,0

企业级理解[呆],0

有群号吗，我想挣达不溜[给心心][给心心][给心心][给心心][给心心],1

你能再表演一下那个吗？就是那个“在经济全球化时代，巴西的蝴蝶扇一下翅膀，未必会引发德克萨斯州的龙卷风。但我们的肉蛋奶消费却可以实实在在影响巴西森林的存亡”,1

这是接不到广告着急了吗[羞羞],1

up主您好，我很喜欢看您的视频，最近日本的核废水问题闹得沸沸扬扬的，请问可以出一期F1赛车如何用蛋白质作动力在巴西热带雨林运送私盐并用内置车载摄像头监控核废水引发人工降雨的视频吗？拜托了[保佑],1



预言一波，下一个事务所和吸尘器有关[doge],0

卧槽，怎么知道的,0

广告的广告,0

9点不行，今晚有asoul团播，有然然和乃琳看[给心心][给心心],0

在哪都引是吧,0

哪都引是吧,0

我永远支持回形针！！,1

我吃了肉蛋奶[热词系列_害怕],1

肉蛋奶最大的缺点——吃多了会胖[OK],1

我不评论立场，但说“永远”这种词总不能不考虑立场，毕竟未来会变成什么样谁都不知道。,0

从三万粉关注到现在 真不容易[蛆音娘_大笑],0

这里都能上演无间道了，这演技不比博燃[妙啊],1


阴间人跟阴间人贴是吧,1

当年几万粉关注到现在，UP你不给我点个赞？,0

从第一个视频开始关注对线回形针[嗑瓜子]，视频会看，两面阴阳会对线，节奏引爆后就看戏了,1

我懂了，这个绿色，是铀,0

几万粉关注到现在，加油[打call],0




今晚9点等着看广告[doge],0

安慕希，尖叫等渗饮料，猜对了叫我[OK],0

[2233娘_无言],0

淦，连个边也没碰上[tv_流泪],0

抬走[2233娘_喝水],0

使徒来袭[热词系列_知识增加],0


要硬核恰饭了吗？,0

逃生3[doge],0

今晚九点，聆听读者[doge][doge][doge][doge][doge][doge],0

[热词系列_知识增加]牛哇，做大做强！,0

《招  商》,0

非常规时间。。。。怎么才30s？[doge],0

作为一个螨虫，我表示这是一个很棒的产品,0

作为一个除螨仪，我觉得你是一个很棒的螨虫,0

作为一床被子。我表示你是很棒的除螨仪,0

真当螨虫不上B站[doge],0

晒被子那个味儿是螨虫尸体的味道吗？,0

紫外线电离臭氧的味道，不利于身体健康，所以晒被子要晾一下再用[OK],0

我家里有臭氧片，通高压电就滋滋的冒紫光，然后一股恶心的味道直冲天灵盖,0

这个开头舒适极了，看事务所就怕有人刷猝不及防[笑哭],0

趁早看完就跑，晚一点都是气自己,0

伞兵太多了,1

作为一只螨虫，你喜欢吃肉蛋奶吗？,1

如何撑死床上的螨虫[OK],0

可能会导致几何增长[doge],0

J型曲线[doge],0

我全套亚麻，根本没有螨虫[doge],0

亚麻没有螨虫啊？[星星眼],0

嗯，螨虫无法生存。。。亚麻非常舒服，虽然摸起来有点粗糙，但是你用一阵子，就会爱上了。最好是纯亚麻。,0

我全套砖头，根本没有螨虫[doge],0

我就只有个螨虫能陪我睡了 为什么还要饿死它[辣眼睛],0




很简单，打地铺睡觉就能饿死床上的螨虫,0

那样会养活更多的螨虫甚至不是螨虫,0

那我再加几张床，每天翻牌子，哪床不睡就打入冷宫，活活饿死,0

广东战略大蟑螂欢迎你,0

"我有个问题,既然这玩意能杀死霉菌,那细胞不也会被杀掉吗?[辣眼睛][辣眼睛]",0

不融出，就是不会接触，他一直在纤维里,0

人的细胞有表层的角质层保护着，那个什么季铵盐没有机会直接接触人的细胞膜，除非你的手臂或者小腿等部位被剐伤，表层的角质层脱落了。自然界的真菌基本上都有细胞壁保护，但出于细胞本身对营养物质的需求，细胞壁并不是密不透风的，所以这类分子在细胞壁中可以说是来去自如，但人的表皮细胞就不一样了，营养物质来源于内环境体液的循环，最直接与细胞进行物质交换的是组织液，而这一切都发生在角质层的内侧，不可能会有季铵盐捣乱。,0

那背上长个痘破了咋办,0

螨虫是什么？听上去很好吃的样子，求购买链接[tv_doge],0

孩子很喜欢，敏感肌也能用[doge],0

括约肌能用吗？[doge],0

只要我睡在地上，我床上的螨虫就会饿死,0

你地上的蟑螂会吃撑,0

你会得感冒,0

螨虫表示你很勇欧,0

哪位粉尘螨过敏检测++的患者不想拥有一个没有尘螨的环境呢,0

我，粉尘螨和20多种花粉的检测结果都是+++甚至++++，做皮试的时候两条胳膊肿成萝卜，一个星期才消肿[辣眼睛],0

太真实了，我还对烟过敏，一有人抽烟我就各种痒,0

我建议你们客户产品最后都加上一个价格标签，因为我真的很心动、但是又自认为买不起。,0

并不一定是带货视频，可能只是传播别人的产品文化，塑造相关企业形象。,0

我查了一下，一个被子在三四百左右,0

那么这么好用的床上用品在哪里能够买到呢？[doge],0

现在，在我直播间的家人们[doge],0

我说一个数！,0

"虽然没有老婆陪你入睡, 但还有螨虫与你共枕",0

快变！[脱单doge],0

啊！人不能，至少不应该[跪了],0

我反复翻身能压死螨虫吗[doge],0

能让螨虫周游你的全身[doge],0

你这是要在床上颠勺啊,0

你要乐死我吗。说完翻了个身,0

我都没有吃的他还想吃东西？,0

我的肉蛋奶[大哭],1

所以螨虫都顿顿吃肉[doge]，而你却需要保护巴西雨林[doge],1

坐在床上看这个视频是种怎样的感觉？,0

扎心了[惊讶],0

我起来了 站在房间中间,0

作为北方人，只要环境湿度足够干，螨虫就别想靠近我[OK],0

杀敌八百自损一千[doge]一起床鼻子喉咙里全是血,0

别说了，嗓子已经有感觉了。。。,0

那你肯定不怎么过敏，过敏的人是杀敌八万自损一千。,0

您掉的皮肤碎片，引发一系列螨虫入侵，请尽快兑换英雄，与螨虫对战！,0

皮肤碎片可以兑换英雄了？！,0

头皮碎片可以么[妙啊],0

您掉的伞兵碎片，引发一系列达不溜入侵，请尽快兑换伞兵，与达不溜对战！,0

现在正在南方读书，空气是真的潮湿，不够还好我没有螨虫过敏。,0

南方读书+1一开学皮肤病就加剧，天天发痒,0

请问收了多少钱[呲牙]吴松磊先生有给宁送肉蛋奶和海鲜吗[微笑],0

去年在海口免税店逛了一圈，最大的发现是iphone和airpods还没拼多多上的便宜[doge],0

真正的免税店vs虚假的免税店,0

好像免税的是奢侈品，其他的都没啥区别，包括耐克这种,0

好家伙，我对这你的头像吹了一下[微笑],0

不买立省100%,0

你是在叫我吗,0

我叫的是阿拉伯数字那个，不是你[tv_冷漠],0

你以为你薅了羊毛，其实你就是羊[妙啊],0

两脚羊[doge],0

这个物种得几年后才能出现[辣眼睛],0

赞高了所以被删了···补下吧[妙啊]  ：回形针大佬~做一期BCI绿色棉花认证的解密科普视屏呗~讲讲其和美国的关系~,1

表面：部分免税实际：一瓶水8元，可乐10元，泡面15元[偷笑],0

免除增值税，增加智商税,0

还有机票钱,0

这个对于打算去旅游的人比较划算，随便买买买,0

免税店其实还挺不错的！三亚有免税城，海口也有的，日月广场里面有很多免税品牌。欢迎大家来海南玩！,0

主要消费太高[doge]去东南亚玩一圈还没海南贵,0

海大毕业的，反正我护肤品都是让学弟从免税店给我带，准备啥时候再回去玩一趟~好想念海南啊,0

真的比京东什么的便宜吗？[微笑],0

3：44那里，机票和文字错了，离岛应该是三亚到上海[笑哭][笑哭],0

好家伙，九条回复只剩四个[嗑瓜子],0

为了你，特意回去看了一下,0

回形针日常搞错不严谨[doge][doge][doge],0

我能去免税店里买3060吗[doge],0

[doge]不能，但是你能去免税店买3070[脱单doge],0

空气到处都有，为啥要去免税店买[doge],0

这一期做的一般般,0

为什么这双面针还没凉啊,1

因为我们还在吃肉蛋奶，还在毁雨林[doge],1

怎么这货还没凉啊，团团都动手开撕了居然能活到现在，看来陈叔叔也想赚美金啊[辣眼睛],1


你也想要抽粪车碎片？？[吃瓜][吃瓜],0

有什么寓意,0

电子产品海淘不是更便宜么？ 免税店主要是买化妆品、奢侈品这些的吧？,0

海淘也是要被海关扣下缴税后，才能继续运输,0

回復 @野生呱呱鸡 :交了关税有些也挺划算的啊。比如rog这些,0

托关系淘了一台外星人笔记本，京东价格一万八，海淘1万二，但是过程真的让人心惊胆战[doge],0

加上路费，住宿，游玩，旅游，羊毛出自我自己,0

pdd有时候价格还好，但质量不太有保障，没敢买过，都是出国自己带或者让朋友带,0

就是因为怕代购，所以一开始是不对海南人免税的[辣眼睛]你懂吧。,0

因为没有中间商赚差价[OK],0

其实，国内的大型自营电商比如jd应该也是直接拿货的吧，跟这集视频里的免税店定位很相似，不过是还要缴税,0

其实减免的大头还是消费税和各大税，免税店一层收的差价比正常环节三四次中间商收的差价都多，这些奢侈品税费太贵了,0

感觉这次配音剪辑有些地方不太连贯啊，包括42.5%那个地方，还有好几个记不清楚的地方，能听出比较明显的。以往好像没有出现过这样的情况啊，希望以后能保持水准,0

可能是肉蛋奶吃多了 对不起,1

因为他肉蛋奶吃多了,1

可能肉蛋白吃少了吧[doge],1

建议做科学，技术，工程方面的题材，这种感觉不硬核,0

硬核。。。一群专做视频的人以为看了两篇文献以为自己就硬核了，真笑死大牙了,1

up普及的知识不是自己专业看着还挺有道理真涉及到你专业你会发现漏洞百出,1

肉蛋奶吃多了，做不出来[妙啊],1

为啥日上比三亚免税店便宜多了,0

为啥我看成了三上悠亚……[辣眼睛],0

一哭二闹三悠亚  四书五经小野六花,0

我更在乎免税店能让我买到2499的3060吗[吃瓜],0

2080收2080,0

1060收1060,0

增值税不是只加一次吗，怎么还每次都加,0

"视频里面应该说的是""流转税""........",0

我记得高一政治书经济生活的解释是，在每一次商品流转中征税，而不是像以前一样只在最后一环征税,0

加价后的利润部分也要收啊 当然不是一次,0

免税了钱包也不允许我拥有,0

头像昵称不错[妙啊],0

基本上是奢侈品吧，电子产品似乎很有吸引力，这些地方的代购应该会很火,0

代购一般都是相对低价区海淘代购吧。免税店代购[tv_黑人问号],0

岛民去上学的时候可以随便帮同学代购,0

我已经10天没吃肉蛋奶了，也没买国营垄断的食盐了，不喝花了5000亿的南水北调的水了，躲避着监控我们的摄像头，在心里咒骂人工降雨，也在心里记住了拆那的地图了，再也不去看国足球赛了，回形针能不能分我点美元啊[吃瓜],1

你这个假粉丝，人家叫两面针不叫回形针[doge],1

两面针牙膏还是很不错的，别殃及无辜，建议叫阴阳针,1

互联网是有记忆的，回形针，只要你一天不换账号，我们一天就记得你做过什么事，而且这种事不是错误这么简单，如果还有下一次，继续让全网知道你们在干嘛,1

所以最关键还是在于快速冷冻技术,0

饺子里边有肉 我可以吃吗,1

"今日一袋饺,明日林里烟,不行",1

别吃啊，等我从亚马逊回来你再吃[doge],1

首尾呼应，开头说各地号召就地过年，结尾说一个人吃饺子少了团聚的气氛。我觉得你们科普饺子就科普饺子，别扯那些有的没的,0

有意向去BBC应聘吗？,1

好家伙！给了多少钱啊，这层楼里的洗地的还不少，给个群号，一起挣啊，大过年的，我挣点压岁钱[doge],1

回形针的粉丝真的恶心，恶心至极,1

开头视频里那个饺子煮的，一开锅盖发现碎裂一锅的事，我从小到大吃我妈包的饺子，没遇到这事……我家新疆的，冬天包好饺子摆在高粱杆杆扎的圆板子上，放在外头冻，如果外头冻不住就放冰箱里冻，冻好了再装塑料袋里放外头，没有一次是煮的烂了一锅……直到看了这个视频，我才想明白为什么电视里经常打包饺子专用的面粉，前几天我还给我妈说“谁傻了吧唧买这一大袋面粉专门包饺子的？”，原来包饺子不光是个技术活还是个经验活[喜极而泣][喜极而泣][喜极而泣],0

加点肉就更好了,1

我的雨林😭我的雨林😭我的雨林😭我的雨林😭,1

俺媳妇吃素 她包的素饺子冻了后煮出来很容易就一锅汤了,0

专业煮饺子，第一次沸腾时候，加入冷水，这样饺子皮就不会破了,0

我们这边流行的做法是三次水。就是加三次冷水，最后一次沸腾就熟了。,0

你吃的饺子是肉的吗？,1

在工厂里干过，再也不吃速冻水饺了,0

每天都偷偷吃，现在看到就想吐[滑稽],0

连过WiFi，再也不上网了,0

我2009年在面包厂做过暑假工，上海挺有名的，他们把烂掉的草莓用大盆放水捞一捞，然后榨汁，，送去门店正常卖，很多在食品厂上过班的人，都说食品厂一言难尽，别啥都不懂，就瞎比比，很多东西是没有可比性的！[嫌弃],0

大半夜看饿了。。。我要叫我妈包饺子,0

不要加肉，你没吃一口肉巴西雨林就会多一缕烟,1

大致讲一下回形针这种公知的科普思路：1.首先讲一个冷知识（比如酒的历史、树的历史）2.顺便提出一个基本正确的观点（比如喝酒不健康、种地要砍树）3.引出一个跟中国有关的疑问（酒不健康中国人还爱喝酒，种地要砍树中国人还爱种地，为什么呢？）4.暗示你聪明的读者自行得出结论（当然是因为中国人不行）5.换一个角度，再写下一个冷知识。全程你好像没有撒谎，你也没有直接说中国人不行，为什么你“聪明”的读者会认为中国人不行呢？当然是因为中国人真的不行！,1

装睡的人你是叫不醒的,1

为什么不把一坨一坨馅冻好再包到皮里,0

花生你发现了盲点,0

皮和馅之间会有空隙，煮的时候空气膨胀会把皮撑破，而且冻两次会增加成本(｀・ω・´),0

工艺复杂化，良品率下降，成本大幅上升，不咋可行,0

速冻饺子35%的馅含量的国家标准这定的也太低了吧……你说这是小包子我都信。,0

一分钱一分货，消费者会用钱投票。而且吃饺子一般也是现做的和自己包的居多，速冻不是主流。,0


我的肉蛋葱。。。奶😭,1

所以这就是自家饺子放冰箱容易冻裂的原因吗[笑哭]我还在想是不是饺子皮不好呢,0

饺子皮不影响巴西雨林就没啥[微笑],1


你吃一口饺子，我的雨林就少一棵树[大哭][大哭][大哭],1

虽说刷的人影响评论区，不过能提醒回形针本分的，不再阴阳怪气的输出奇怪的价值也不错。自己做的事自己承担，屁股摆正，该解雇的解雇。,1

要是这种人都能让它过去，娱乐圈东西过不去,1

看我来示范阴阳怪气科普视频更重要！！！！我们家针针这么优秀这么努力了！！！麻烦视频下请不要刷肉蛋奶和人身攻击！！！！观感不好！！！感谢,1

他最该解雇他是自己中国人的身份,1

这算是个正常科普了吧。希望以后都这样。,0

不不不，这种反华媒体就没有所谓“正常科普”，只有在潜伏中等待时机。拿了反华基金的公知，根本不存在知错就改这个选项。,1

时不时夹带私货，搞意识形态，这是很恶心的,1

看似正常的科普，目的只是淡化自己的问题以及转移网友的矛盾。等风头一过，回形针又会将私货夹杂在自己的视频里。所以，面对这样的“歪屁股”up主，我们要做的应该是不断的抵制，不能有一丝松懈。,1

视频这么好，UP什么时候和BBC合作一期？,1

感谢拜登上台，让我们能一直看到up高质量的视频,1

很快的，中国人在新年期间所浪费的食物到底可以让多少个非洲家庭吃多少天。,1

回形针：你不能因为这几期错误的视频而否认我们这几年的努力BBC：你不能因为我黑中国的视频而否认我们这几年的努力[OK],1

不好意思BBC已经被禁言了，我就想知道回形针什么时候禁言,1

那开膛手杰克还没被枪毙呢,1

BBC已经人没了,1

割地赔款都没你割得多，直接把下面的领土给抹掉了,1




拜登上台后回形针的视频质量都高了，果然是经费足了呢,1


互联网还是有记忆的[偷笑]洗的属实搞笑,1


那些孝子洗的苍白无力，我都懒得理了[doge],1

刚发视频时热评都是骂的，之后就删干净了，只剩下洗白的，不过奈何还是清醒的人多。,1

低情商：如何评价回形针粉丝越更越少？高情商：还有300万理中客,1

好奇，原来他多少粉？,1

原来粉没有现在多，他一直在买粉的,1

其实一直在涨，200w涨到300w。B站粉丝数越来越没含金量了,1

中国人每吃一个水饺🥟，巴西的雨林中就会冒出一缕烟,1

饺子馅有肉，论证还就那个成功,1

好家伙，合着巴西雨林里面的坟都在冒青烟呐[doge][doge],1









视频仔细看完了，后面的回答的问题也都暂停逐字看完，你们做的视频不敢说全部都看过，但也看的七七八八。就是有一个很大疑惑，你们作为一个科普类UP为什么屡屡犯些低级错误，并且视频都带点主观意识的。科普类不应该是客观的吗?我看后面你们直面回答的那些问题基本都是这两种问题。按现在国情，地图那一期没给封杀已经是很大的庆幸了。如果自身没有破绽，自然也就金刚不坏。,1

因为那些视频立意就是朝着噱头吸引人的角度去了，这样才容易吸引到核心粉丝，后来出圈吸引到大量粉丝被喷了再也不敢了。,1


为什么会犯错，不是临时工也不是看走眼也不是软件故障，只有四个字“预设立场”，而他们的立场，呵呵。,1

感觉很多回形针的支持者其实都是沉默不说话的理性人…,1

是啊，也可能根本没去过油管，也不知道巴西热带雨林[OK][OK],1


感觉很多回形针的反对者其实都是沉默不说话的理性人…,1

你家视频质量动画特效确实可以，输出内容我不予置评也没有讲到我的专业领域，评论区吵成这样up应该反思一下而不是为自己开脱和辩解。,0

这就是公知的套路罢了。它也就是个棋子。这类人背后没有组织我是不信的。我很难想象一个聪明人是多恨国家，恨不得每时每刻的捣乱国家。阴阳怪气。,1


回形针牌肉蛋奶，中国驰名双标。,1

说实话，不好评价。感觉两边都有点一言难尽……就回形针还是挺避重就轻的，有些问题回答的很套路化。赛雷就感觉准备很不足，有蹭热度的嫌疑....,0

避重就轻还不够？去年三月出事赛雷不发，今年发，还是小号发，蹭热度？,1

去年三月塞雷说了看到后懒得理直接拉黑了，结果今年小号看到他了，才想起这件事，然后看到他越来越火了但还是有很多的问题，价值观扭曲，所以他就发视频来锤了,1

照搬些赛雷自己的原话：他出视频提问题的目的，一开始只是因为直播间问回形针的人太多，问烦了所以才做的视频，没预料到会有这么大影响。视频也并没有打算蹭热度，因为如果想蹭，肉蛋奶刚出的那个时候热度更好，想蹭的话那个时候就该蹭了。准备不足也确实，前两天他直播的时候就说自己还没准备好问题。,1

当回形针主观为好的情况下：因为犯下的政治错误无法得到“罚”，观众无法平息，或许粉丝的反对本身就是一种罚。我个人观点：回形针是知识传播者，造成错误非本意，改了就行，如果恶意则抵制。看了b站被首页推荐的一个知识U盘主(长的像雪人⛄那个)做了一期他为什么讨厌回形针，看到回形针至今还未解决的问题：食盐篇中的用词“垄断”“暴利”！此问题仍未更改；肉蛋奶 监控摄像头篇中的内外网标题问题，现在已经删除外网稿件，此问题就是两面针称呼的由来，在与批判者的对话中大可提出确实有标题党倾向，是否提及以后会统一的态度我没看到(可能是我漏了)，然后就是内容 内容导向让观众理解为作者在肆意针对抹黑，你要知道你在中国面向的用户是谁！；标题为了吸引人我赞同，描述事实我赞同，但作为知识媒体用词激进是不应该的，作为知识up题材不应选肉蛋奶这种因果评论有争议的（有些词穷无法描述这类涉政治视频的类型）题材应该选择应该注意以上,1

想知道您说的这个“非本意”的结论是怎么的出来的？您是回形针肚子里的蛔虫吗怎么这么清楚呀？,1

只要得不到罚，那公众性媒体犯错误的成本就太低了，群众的反对，是社会进步的体现，认真探讨如何解决问题，不要演变成站队问题,1

协和式客机有二十多年的完美安全记录，但法航4590航班一百二十秒的事故就葬送了一切。其他的方面做的再好，也不应成为错误的借口,0

那是因为地上有dc10的碎片，割破了油箱，只是一条导火线，主要原因还是生不逢时，运营成本太高。,0

事故后为了符合飞安要求改进，全机大幅增重，所以才运营成本高，且事故后乘客数剧烈下降，所以才入不敷出停运的。所以事故是主因，要是一直高成本，资本还会让你飞20多年？,0

葬送协和的不只是事故，如何事情都是很多复杂关系交织，然后各方利弊权衡的结果，不要简单粗暴的下结论像个营销号,0

一定要看完视频再发表意见！一定要看完视频再发表意见！,0

看完了……老样子……死不悔改，没救了,0

喷你的“理中客”有点多，好惨[喜极而泣],1

看了，避重就轻，《直  面  问  题》,1

互联网最麻烦的是错误的信息如何处罚，道歉往往是不足的，也不容易传达到但像这样总是挖重复的问题对作者也是伤害，对观众也浪费精力，马前卒提到的用流量量化赔偿虽然很理想，但回形针说不定能做到呢，毕竟回形针的能力还是有的,0

我一开始看热评全是抵制的，结果tm突然一瞬间出来这么洗的上了，本来说什么“冷静”的评论是没有的，结果突然一下子上了几个描述冷静的热评，真有你的啊回形针[OK][OK][OK]我这个评论刚刚放在说吴冷静的热评上被删了屮,1

都别吵了，安心看科普不行吗？我想就是有嫉妒的人恶意陷害回形针哥哥，我是哥哥最忠实的粉丝，每期都能从哥哥这里得到优质的知识，只是渐渐的，我也有了自己的想法了。哥哥可以为我科普以下内容吗？我对此非常感兴趣，都为你们想好标题了【回形针PaperClip】美国人的强壮离不开它，丰富的肉蛋奶组成的特色菜单【回形针PaperClip】人均有车的美国人，如何拥有实惠的油价【回形针PaperClip】全球变暖是谣言？退出巴黎协定的美国有这些深思熟虑【回形针PaperClip】发展的基石，美国居然在这上面领先中国两倍，人均碳排放【回形针PaperClip】美国人总能在一段时间中买到低价的实惠盐，背后竟有他们在努力，良心盐企【回形针PaperClip】为了保护全世界，美国的超级计划，棱镜【回形针PaperClip】即便背上罪恶，也要为人类医学做出贡献，美国战争过后勇敢接收它们的知识【回形针PaperClip】如何保护少数群体，美国做出了他的选择，带你揭开保护印第安人特区的秘密看到后赶紧复制吧朋友们，我们一起向哥哥表达自己的渴求，一向宠粉的up会找来数不胜数的美国论文为我们科普的。我只是个想要接受回形针科普的青年，大家不要喷我，科学知识都会有纰漏的，数学家都无法证明1+1=2，回形针只是个科普up。这些都是b站最受欢迎的选题，如果回形针哥哥去做，不是当日榜一，我甚至可以女装发动态。(ง •_•)ง,1

往错误方向引导的夹带私货的科普不如不做，这不就是早期公知干的事儿吗。,1

别搞了朋友们 回形针要是再出错咱们再冲了他好不好 我就想好好看个科普[大哭],0

如果你觉得是科普，那么只代表他没讲到你的专业领域，或者你没有专业领域。,0

有些甚至不需要你有专业知识，巴西雨林问题，如果你上过高中并且学的文科，肉蛋奶简直是扯淡，这个真的是很低级很低级的错误,1

喜欢两句话，一句回形针讲到了你的专业领域，还有一句，你没有专业领域。,0


如果这几场最差的考试都是错在同一问题上，那么就是态度问题了。,1

没发挥好和故意出错不一样，问题就在于回形针说他们不是故意的，但是没人信,1

你去看那些错误的地方不是该错的就像你错一个大题老师表示理解你错一个平时讲过许多遍的题目老师恨不得踹你一觉,1

啊，我只看视频，不站队。我觉得视频给我科普的很有用，喜欢看视频有什么问题吗,0

科普没问题，关键是科普夹带私货啊，潜力默化的给你灌输一些不对的概念,1



"自媒体门槛低了很多 ,会自发思考职业道德的人的比重也被稀释了 .在浏览(利益)面前 ,大程度情绪波动倾向的视频变为了主要目的(因为更吸引眼球) ,最终结果也只是透支人们对自媒体的信任而已....最终 ,媒体的含金量 ,只会被人们自动认为""媒体?娱乐行业而已 ,看看就好""....",1


事实证明，自由化发展本身就是有局限性的，而且非常容易受到外来因素的影响，必须由国家这只大手来调控，及时纠正。所以，网络媒体更缺的是管理机制，，，，,1

能不能出一期美国人大量浪费粮食的视频？出一期美国棱镜门监控全球人的视频？出一期美国全世界200处病毒生化实验室的视频？出一斯美国医学人体实验视频？出一期美国人均碳排放的视频？[doge],1

出了也就没人叫他两面针了,1

多出几期可以乘着热度增加播放量还可以改变网友的观点，何乐而不为呢[doge],1

@回形针PaperClip 吴松磊，我已经10天没吃肉蛋奶了，也没买国营垄断的食盐了，不喝花了5000亿的南水北调的水了，躲避着监控我们的摄像头，在心里咒骂人工降雨，也在心里记住了拆那的地图了，再也不去看国足球赛了，回形针能不能分我点美元啊[大哭][大哭][大哭],1

中国人的肉蛋奶消费，未必能影响巴西森林的存在但美国的海外驻军，却可以实实在在的减少伊拉克的过剩人口,1

别忘了还有澳大利亚的海外驻军,1

我已经10天没吃肉蛋奶了，也没买国营垄断的食盐了，不喝花了5000亿的南水北调的水了，躲避着监控我们的摄像头，在心里咒骂人工降雨，也在心里记住了拆那的地图了，回形针能不能分我点美元啊,1

你账号都没给他他怎么打钱？[doge],1

出一期美国人大量浪费粮食的视频出一期美国棱镜门监控全球人的视频出一期美国医学人体实验视频出一期美国人均碳排放的视频仅仅实话实说就够了。不是站在全人类立场上吗[吃瓜],1

《为什么美国人一年要浪费那么多食物》《为什么美国油价那么便宜》《为什么美国要退出巴黎气候协定》[doge][doge][doge],1

主要收入靠美金的针针割割，你猜他敢不敢,1

哈哈，这怂逼不敢的，毕竟金主爸爸[吃瓜],1

【回形针】中国如何用摄像头监控13亿人【回形针】美国如何用摄像头保护72亿人[doge],1

应该是这样：低情商：中国如何用摄像头监控13亿人高情商：美国如何用摄像头保护72亿人,1

不应该是美国如何用舰队保护72亿人吗[doge],1

美国如何用德特里克堡保护地球🌐,1

你说错一次，没事，人非圣贤孰能无过。你说错两次，也没事，事不过三。你说错三次，无心之失在所难免。但你每次都说错，而且错的很有逻辑，很有欺骗性。你每次错的都是针对中国的言论，每次错的都是在很多事实逻辑中夹带的私货。每次错的都是你主观猜测的同一种价值观导向。这就很值得思考了。无心之失在所难免，滴水不漏岂是无心？,1








希望回形针能够帮忙科普一下每年美国食用食物的总量和人均消费量，还有每年美国食物的浪费量，顺便科普一下美国每年的能源消耗总量和人均消耗量，希望回形针能够科普下美国每年的碳排放量，和人均碳排放量，希望回形针能够就美国售盐的公司或集团进行科普一下，希望能够得知美国的具体的售盐价格于价格波动，且该类型公司是否存在垄断行为。,1



你这评论区就干净的离谱，回形针的粉丝呢？快来对线啊[吃瓜],1

低情商：回形针歪屁股高情商：回形针视频质量堪比BBC,1

都让你懂……哦我也这么觉得啊，那没事了[W-哈哈],1

除了BBC的纪录片[妙啊],1

小时候玩蹦极，用的就是这样的威亚衣，不得不说，那裆部是真的硌得慌，事后我妈还说我真淡定，我笑了笑，心想，其实那是惊吓和疼痛中和之后的呆滞[doge],0

建议楼主学习回形针，删评论[吃瓜],1

有人谣传回形针是歪屁股，我在这里澄清一下，这不是谣言,1

吃点鸡蛋以形补形,0

立 体 机 动 装 置[doge],0

立体机动装置比这个高级多了,0


绿幕的那一边，是敌人如果把所有吊威亚的都赶走，我们就可以不用演戏了吗,0

3分55秒的公式好像有问题，长度不用加h,0

绳子的起点是应该按地面算的。不加h是滑轮到目标点的距离，加这一段h指的就是从地面再到滑轮的距离。,0



那你这立体机动装置造出来得烧毁足足3片巴西雨林啊[大哭],1


立 体 机 动 装 置[doge],0

立体机动装置比这个高级多了,0



哪个男孩不想再天上旋转呢[害羞],0



立体机动装置雏形[doge],0



所以有人做受力分析吗[doge],0




一直以为威亚绳是钢丝,0


这次的播音，南边的口音略重啊[doge],0



吊威亚如何让你飞檐走壁？吊着呗[辣眼睛],0


你针针不给你撑腰吗[吃瓜],1

三连支持一波[doge],0




吊威亚...感觉好难,0




ADRC的A是active不是auto,0

ADRC，全称叫做Active Disturbance Rejection Control，中文名是自抗扰控制技术。这项控制算法是由中科院的韩京清教授提出的。韩教授继承了经典PID控制器的精华，对被控对象的数学模型几乎没有任何要求，又在其基础上引入了基于现代控制理论的状态观测器技术，将抗干扰技术融入到了传统PID控制当中去，最终设计出了适合在工程实践中广泛应用的全新控制器。,0

but上课的时候老师说韩教授整定pid的方法其他人很难掌握，别人整定个把星期没搞定请他来一会儿就整定好了。后来有个外国人对韩教授的方法进行了改进，进行简化，虽然效果弱化但是简单很多。,0






那么普通人从三十米掉下来会不会哭呢[doge],0




高中物理出题点[偷笑]命题组狂喜,0

好家伙，分界线竟在这里,1

水军分界线,1

回形针不吃肉蛋奶能不能吊威亚，会不会因为身体虚弱用不了[囧],1

我一口气吃了六个鸡蛋，回形针给我磕头不过分吧[傲娇],1
有下列间谍行为之一，危害国家安全的 参加间谍组织或者接受间谍组织及其代理人的任务的,1
"很多人说我们刷梗影响到了正常观众的观看体验，我在这里向大家道歉，两面针还有正常观众我们都有责任，我们保证加大力度，让正常观众即使不被恶心走,也没办法用平稳的心态看视频，以上",1
人家已经道歉了你还要他怎样？改了不就行了吗？非得天天抓着不放？,0
我就想好好看个科普，什么立.场问题我不想管，他家视频做得很优秀，这就够了,0
你们这些复读机黑子累不累啊，看到别人火了就这么嫉妒，生活一定过得很不如意吧,0
不喜欢可以屏蔽掉不看，没必要在这刷存在感,0
内外网标题不一致，尽管现在已经被删除，但稍微搜索一下其他网友的截屏都能看到。,1
指责某年人均碳排放量不到自己1/2的国家碳排放量过大，选择性忘记自身在工业化路程上的累积碳排放量，且自身则保有着世界上最多的汽车,1
利用环保组织的名义向人口是自身4倍以上，但牛肉消费总量不到自身2/3，且饮食结构重碳水轻肉蛋奶的某国宣传肉蛋奶消费与森林破坏之间的联系,1
吊威亚累不累？累了不得喝水吃饭？万一喝到了南水北调的水怎么办？巴西雨林都烧光了怎么办？吃饭吃到了国营的盐怎么办？拒绝吊威亚，从大家做起。,1